"date","category","item","file_events","chat_events"
"2025-05-19","其他","其他：修改 1703259146.png","1","0"
"2025-06-05","其他","其他：修改 出海七步法.pdf","1","0"
"2025-06-16","交付台 / 报告资产","交付台 / 报告资产：修改 1. 沈佳莹-科学赋能，茶桃共生：云也山的创新发展之路.docx","1","0"
"2025-06-30","交付台 / 报告资产","交付台 / 报告资产：修改 全球关键矿产资源争夺态势及中国应对策略报告.docx；修改 全球关键矿产资源数据.xlsx","2","0"
"2025-07-01","其他","其他：修改 【OpenAI 】人才流失事件调查 - Feishu Docs.pdf","1","0"
"2025-07-24","其他","其他：新增 认证与成就.png","1","0"
"2025-07-28","其他","其他：新增 搜狐号认证照片.jpg","1","0"
"2025-08-05","交付台 / 报告资产","交付台 / 报告资产：新增 judgment_document_panorama_20250805030006 (4).pptx","2","0"
"2025-08-05","其他","其他：新增 2720b4ef-7b71-4c76-bc6c-911105b92f16.png","2","0"
"2025-08-08","法律科技 / OSINT","法律科技 / OSINT：修改 素材-分析执行卷宗教程.pptx","1","0"
"2025-08-17","其他","其他：修改 406688144.png","1","0"
"2025-08-19","交付台 / 报告资产","交付台 / 报告资产：新增 第五讲逐字稿.pptx","1","0"
"2025-08-27","其他","其他：修改 法保三行半月刊-Vol.002.pdf；修改 法保三行半月刊-Vol.002.pdf","2","0"
"2025-09-08","交付台 / 报告资产","交付台 / 报告资产：修改 实战篇（动画演示）(1).pptx；修改 搭建篇-1h（动画演示）.pptx","4","0"
"2025-09-08","其他","其他：修改 义乌市国土空间总体规划（2021-2035年）.doc；修改 1文本.pdf","4","0"
"2025-09-09","其他","其他：修改 义乌全域旅游空间规划—旅游区块用地谋划.pdf；修改 2503义乌市福田街道土地综合整治项目实施方案.pdf；修改 A股医药生物板块及其细分领域（医疗器械与化妆品）公司梳理 - 副本.pdf；修改 A股医药生物板块及其细分领域（医疗器械与化妆品）公司梳理(1).pdf","4","0"
"2025-09-14","交付台 / 报告资产","交付台 / 报告资产：修改 1-9-骨科机器人专利分析修改 - 批注(1).docx","1","0"
"2025-09-16","交付台 / 报告资产","交付台 / 报告资产：修改 1-9-骨科机器人专利分析修改 - 批注(2).docx","1","0"
"2025-09-18","交付台 / 报告资产","交付台 / 报告资产：新增 天玑手术机器人.pptx","1","0"
"2025-09-20","交付台 / 报告资产","交付台 / 报告资产：新增 认知篇和应用篇.pptx","6","0"
"2025-09-20","法律科技 / OSINT","法律科技 / OSINT：新增 基于黑猫投诉数据挖掘的公益诉讼规模化解决方案与智能体孵化工程.docx；新增 基于黑猫投诉数据挖掘的公益诉讼规模化解决方案与智能体孵化工程.pdf","6","0"
"2025-09-20","其他","其他：新增 我是原告 第1辑(OCR).pdf；新增 14887530.pdf；新增 我是原告 第1辑.pdf","6","0"
"2025-09-29","交付台 / 报告资产","交付台 / 报告资产：新增 教育部学籍在线验证报告_许昕.pdf；新增 教育部学籍在线验证报告_许昕.pdf；新增 教育部学籍在线验证报告_许昕.pdf；新增 20250909礼拜寺巷老旧街区改造测算.xlsx 等 11 个文件","20","0"
"2025-09-29","urban-research 城市更新","urban-research 城市更新：修改 城市更新项目谋划指南（征求意见稿）(1).pptx；新增 城市更新项目政策性融资辅导——国开行.pptx；新增 城市更新项目谋划指南（征求意见稿）(1).pdf；新增 省住建厅 国家开发银行 关于利用政策性金融资金支持推进城市更新行动的通知.pdf 等 5 个文件","20","0"
"2025-09-29","其他","其他：新增 大模型原理与技术.pdf；新增 9787121488931_000020110220_gq.pdf；新增 实习登记表 .pdf；新增 实习登记表 -许昕.pdf","20","0"
"2025-09-30","urban-research 城市更新","urban-research 城市更新：新增 城市更新项目谋划指南（征求意见稿）(1).docx；修改 城市更新项目政策性融资辅导——国开行.docx；修改 省住建厅 国家开发银行 关于利用政策性金融资金支持推进城市更新行动的通知.docx","11","0"
"2025-09-30","交付台 / 报告资产","交付台 / 报告资产：新增 untitled-document-111-ac09bf60-c0ba-48ce-9b15-3b7f6cb60206.docx；新增 遮掩数据版.xlsx；修改 清空模板数据.xlsx；新增 义乌市北苑街道产业链与政府规划-第一轮初步调研.docx 等 7 个文件","11","0"
"2025-09-30","其他","其他：修改 2025.09.09北苑街道资料汇总.pdf","11","0"
"2025-10-09","其他","其他：修改 1753526669.png","1","0"
"2025-10-10","交付台 / 报告资产","交付台 / 报告资产：修改 E021002 片区调研90分模版.docx；新增 20250909北苑街道资料汇总.docx；新增 2025.09.09北苑街道资料汇总.docx；新增 20250930义乌市北苑街道产业发展分析.docx 等 14 个文件","15","0"
"2025-10-10","其他","其他：修改 研究生学年小结表.doc","15","0"
"2025-10-11","urban-research 城市更新","urban-research 城市更新：新增 市长汇报版-北苑街道城市更新项目投融资策划初步方案1011（终稿）.pdf","7","0"
"2025-10-11","法律科技 / OSINT","法律科技 / OSINT：新增 00-《CLM（合同全生命周期管理）系列调研报告文档 (5w+字，汇总中)》.pdf；新增 2025年法律科技趋势.pdf","7","0"
"2025-10-11","交付台 / 报告资产","交付台 / 报告资产：新增 牛首山转型案例.pptx；新增 城更八项任务+城更行动+方向调整.pptx；新增 幸福社区老工业区产权.xlsx","7","0"
"2025-10-11","其他","其他：新增 法保三行-观沧海特刊.pdf","7","0"
"2025-10-13","交付台 / 报告资产","交付台 / 报告资产：新增 义乌十四五高质量工业发展规划.docx","2","0"
"2025-10-13","其他","其他：新增 义乌十四五高质量工业发展规划.pdf","2","0"
"2025-10-14","交付台 / 报告资产","交付台 / 报告资产：新增 金华市十大重点产业链及义乌市八大重点产业链培育研究项目指南.docx；新增 民事起诉状.docx；新增 民事起诉状.docx","7","0"
"2025-10-14","其他","其他：新增 医药健康行业研究：中美韩医美对比借鉴，未来发展路径与行业轨迹分析.pdf；修改 金华市十大重点产业链及义乌市八大重点产业链培育研究项目指南.pdf；修改 1752871730.png","7","0"
"2025-10-14","法律科技 / OSINT","法律科技 / OSINT：新增 借款合同.pdf","7","0"
"2025-10-15","交付台 / 报告资产","交付台 / 报告资产：新增 untitled-document-112-cfd6db5f-756e-404f-9fbc-07829a154364 (3).docx","2","0"
"2025-10-15","其他","其他：新增 1_前瞻简介2025.pdf","2","0"
"2025-10-16","法律科技 / OSINT","法律科技 / OSINT：新增 00-《CLM（合同全生命周期管理）系列调研报告文档 (5w+字，汇总中)》.pdf","3","0"
"2025-10-16","其他","其他：新增 法保三行-观沧海特刊.pdf；新增 义乌市科技创新发展十四五规划.pdf","3","0"
"2025-10-17","交付台 / 报告资产","交付台 / 报告资产：新增 untitled-document-113-d6181faf-eae0-4568-a9fe-48b2ccb181ee.docx","1","0"
"2025-10-21","其他","其他：修改 20250408专项债项目谋划【指导手册】.pdf；新增 江苏省穿透式系统指南.pdf；修改 国债-“两重两新”最新政策指南.pdf；修改 20250527中央预算内资金政策指南.pdf 等 5 个文件","5","0"
"2025-10-22","交付台 / 报告资产","交付台 / 报告资产：新增 20241023北大街人才社区项目测算（农发行和邮储组银团）.xlsx；修改 （15年运营期第一版不可行）20250911礼拜寺巷老旧街区改造测算.xlsx；修改 [只读]（第二版不可行）礼拜寺巷老旧街区改造测算.xlsx；修改 （第三版可行）礼拜寺巷老旧街区改造测算.xlsx 等 10 个文件","12","0"
"2025-10-22","法律科技 / OSINT","法律科技 / OSINT：新增 金华市义乌市北苑街道尽调更新.pdf","12","0"
"2025-10-22","其他","其他：新增 杭州非诉数智科技有限公司.pdf","12","0"
"2025-10-23","交付台 / 报告资产","交付台 / 报告资产：新增 （第一版不可行）无为市古城墙历史文化遗址改造项目测算.xlsx","6","0"
"2025-10-23","法律科技 / OSINT","法律科技 / OSINT：修改 20251013金华市义乌市北苑街道尽调.docx；新增 AI领导力-法律AI案例-v2.3(1)(1).pdf；新增 我与法律AI的故事以及我对律所企业级AI应用的思考（中）(1).pdf","6","0"
"2025-10-23","其他","其他：修改 中国经济怎么了？(0531）.pdf；新增 20241115江阴市北大街历史文化街区改造及周边环境提升工程可研.pdf","6","0"
"2025-10-24","交付台 / 报告资产","交付台 / 报告资产：新增 北大街项目测算-第三版.xlsx；新增 20251024古城墙项目测算.xlsx；新增 （第二版不可行）无为市古城墙历史文化遗址改造项目测算.xlsx；新增 （第二版不可行）无为市古城墙历史文化遗址改造项目测算.xlsx 等 11 个文件","11","0"
"2025-10-26","交付台 / 报告资产","交付台 / 报告资产：新增 20251024古城墙项目测算.xlsx","1","0"
"2025-10-27","交付台 / 报告资产","交付台 / 报告资产：新增 政府定价的经营服务性收费目录清单（2024版）.xlsx；修改 xx片区地价调研信息统计模板.xlsx；新增 1982810354528083968_三线城市历史建筑戏台租金折算表.xlsx；修改 xx片区房价调研信息统计模板.xlsx","4","0"
"2025-10-28","交付台 / 报告资产","交付台 / 报告资产：新增 湾沚区直单位汇报项目统计.xlsx；新增 湾沚区直单位汇报项目统计.xlsx；新增 湾沚区直单位汇报项目统计.xlsx；新增 明天要参加一个项目谋划推进会，要听湾沚区航产中心围绕航空临空未来产业集聚区的项目汇报，有没有什么政策文件支持或者任何相关案例项目.docx 等 27 个文件","35","0"
"2025-10-28","其他","其他：新增 all_projects_combined (1).csv；新增 all_projects_combined (1).csv","35","0"
"2025-10-28","urban-research 城市更新","urban-research 城市更新：新增 20251028义乌市北苑街道城市更新项目咨询合同(2)_审查意见书_2025年10月28日_许昕.docx；新增 20251028义乌市北苑街道城市更新项目咨询合同(2).docx","35","0"
"2025-10-28","法律科技 / OSINT","法律科技 / OSINT：新增 10.28盐泰锡常宜高铁无锡惠山站综合枢纽改扩建项目专项债谋划合同.docx；新增 10.28盐泰锡常宜高铁无锡惠山站综合枢纽改扩建项目专项债谋划合同.docx；新增 10.28盐泰锡常宜高铁无锡惠山站综合枢纽改扩建项目专项债谋划合同-20251027mx.docx；新增 20251024盐泰锡常宜高铁无锡惠山站综合枢纽改扩建项目专项债谋划合同.docx","35","0"
"2025-10-29","交付台 / 报告资产","交付台 / 报告资产：新增 湾沚区直单位汇报项目统计.xlsx；新增 2025-10-29 14_13 记录_原文.docx；新增 10月29日金融机构征询会.xlsx；新增 10月29日金融机构征询会.xlsx 等 5 个文件","6","0"
"2025-10-29","urban-research 城市更新","urban-research 城市更新：新增 义乌市北苑街道城市更新项目金融机构技术交流.pptx","6","0"
"2025-10-30","交付台 / 报告资产","交付台 / 报告资产：修改 20220313关于项目推介会情况的分析报告-田哥.docx；新增 干系人网络图.pptx；新增 10月29日金融机构征询会(3).xlsx；新增 10月29日金融机构征询会.xlsx 等 8 个文件","10","0"
"2025-10-30","urban-research 城市更新","urban-research 城市更新：新增 义乌市北苑街道城市更新项目金融机构技术交流(1).pptx；新增 笔记 2025年10月29日义乌地产城市更新项目金融征集(1).pdf","10","0"
"2025-10-31","urban-research 城市更新","urban-research 城市更新：新增 20251030 关于北苑街道西城路城市更新项目.docx；新增 20251030 关于北苑街道西城路城市更新项目.docx","3","0"
"2025-10-31","交付台 / 报告资产","交付台 / 报告资产：新增 10月29日金融机构征询会(4)(1).xlsx","3","0"
"2025-11-01","urban-research 城市更新","urban-research 城市更新：修改 20251031 义乌北苑街道城市更新项目第一轮金融征集报告.docx；修改 20251031 义乌北苑街道城市更新项目第一轮金融征集报告.docx","2","0"
"2025-11-02","交付台 / 报告资产","交付台 / 报告资产：新增 工作簿1.xlsx","1","0"
"2025-11-03","交付台 / 报告资产","交付台 / 报告资产：新增 义乌市北苑街道企业5.xlsx；新增 义乌市北苑街道企业3.xlsx；新增 义乌市北苑街道企业2.xlsx；新增 义乌市北苑街道企业4.xlsx 等 11 个文件","16","0"
"2025-11-03","其他","其他：新增 beiyuan_old_industrial_enterprises.csv；新增 beiyuan_old_industrial_enterprises (1).csv；新增 beiyuan_cross_border_categories.csv；修改 金华市义乌市北苑街道所有小区.xls 等 5 个文件","16","0"
"2025-11-04","urban-research 城市更新","urban-research 城市更新：新增 20251029义乌市北苑街道城市更新项目金融机构技术交流.pptx","13","0"
"2025-11-04","ADHD x AI 内容宇宙","ADHD x AI 内容宇宙：新增 义乌草稿.docx","13","0"
"2025-11-04","交付台 / 报告资产","交付台 / 报告资产：新增 义乌市北苑街道柳青社区企业.xlsx；新增 义乌市北苑街道拥军社区.xlsx；新增 义乌市北苑街道四季社区.xlsx；新增 义乌市北苑街道望道社区企业.xlsx 等 7 个文件","13","0"
"2025-11-04","其他","其他：新增 yiwu_online_products (1).csv；新增 yiwu_hot_products_detail.csv；新增 yiwu_shipping_modes (1).csv；新增 研究生学年小结表.doc","13","0"
"2025-11-05","其他","其他：新增 20251106两个片区组建有机更新平台公司实施方案.pdf","1","0"
"2025-11-06","urban-research 城市更新","urban-research 城市更新：新增 义乌北苑街道城市更新项目服务方案.pptx","1","0"
"2025-11-07","其他","其他：新增 生产性服务业对比.doc；新增 波利亚-上海诺施60000（1）.pdf","2","0"
"2025-11-10","交付台 / 报告资产","交付台 / 报告资产：新增 “跨境电商+产业带”高质量发展报告.xlsx；新增 2025中国宠物行业市场报告.pdf；新增 “跨境电商+产业带”高质量发展报告.pdf；新增 租赁和商务服务业.xlsx 等 25 个文件","26","0"
"2025-11-10","其他","其他：新增 生产性服务业统计分类（2019）国民经济行业分类对照表.doc","26","0"
"2025-11-11","交付台 / 报告资产","交付台 / 报告资产：新增 生产性服务业和生活性服务业对照表.xlsx","6","0"
"2025-11-11","其他","其他：新增 《义乌市服务业发展“十四五”规划》.doc；修改 2019年生产性服务业细分.doc；修改 生活性服务业统计分类（2019）.doc；新增 生活性服务业分类2019.doc 等 5 个文件","6","0"
"2025-11-12","交付台 / 报告资产","交付台 / 报告资产：新增 20200706六合龙袍新城开发计划（参考）.pptx；新增 周边房价&周边地价.pptx；修改 周边房价&周边地价.pptx；修改 20250924义乌北苑街道方案测算（1）(2).xlsx 等 7 个文件","7","0"
"2025-11-13","交付台 / 报告资产","交付台 / 报告资产：新增 芜湖市湾沚区全部企业.xlsx；新增 芜湖市湾沚区全部企业(1).xlsx；新增 芜湖市湾沚区全部企业（生产性服务业版统计）.xlsx；新增 数据3.xlsx 等 10 个文件","10","0"
"2025-11-14","交付台 / 报告资产","交付台 / 报告资产：新增 穆野 自由麦(1).pptx；修改 事实核查任务测试-StepFun.docx；新增 《产研部产品调研标准化手册》.docx","8","0"
"2025-11-14","其他","其他：修改 2023事实核查 理念与方法.pdf；新增 事实核查 理念与方法.pdf；新增 396649674.png；新增 230188853.png 等 5 个文件","8","0"
"2025-11-15","其他","其他：新增 392418713.png","1","0"
"2025-11-16","法律科技 / OSINT","法律科技 / OSINT：新增 劳动合同（AI Agent产品经理_架构师）.docx","1","0"
"2025-11-17","交付台 / 报告资产","交付台 / 报告资产：新增 65a56a24-29c3-494f-95a0-1dd8e881c035.pptx","1","0"
"2025-11-19","其他","其他：新增 探迹科技公司介绍PPT1015.pdf","1","0"
"2025-11-20","交付台 / 报告资产","交付台 / 报告资产：新增 2025全球电商行业AI应用研究报告.pdf；新增 20250729-中航证券-中航证券AI系列报告（二）：重构电商运营逻辑与增长范式.pdf；新增 20250729-中航证券-中航证券AI系列报告（二）：重构电商运营逻辑与增长范式.pdf","4","0"
"2025-11-20","其他","其他：新增 中国中小微企业发展——数据与新发现_徐丽鹤.pdf","4","0"
"2025-11-21","其他","其他：新增 跨境电商数据化运营人才培养研究 -- 肖旭 -- China, People's Republic, China -- 中国人民大学出版社 -- 9787300320403 -- 236e40cc9e299d6e404397c46501f58d -- Anna’s Archive.pdf","1","0"
"2025-11-22","urban-research 城市更新","urban-research 城市更新：新增 笔记 2025年10月24日义乌地产城市更新-市长报告.pdf","1","0"
"2025-11-24","交付台 / 报告资产","交付台 / 报告资产：新增 跨境电商服务企业访谈15家.xlsx；修改 跨境电商top100.xlsx；新增 微信图片_20251124143044_1429_188.pptx；修改 20251124穷尽式列举-电商服务产业链全景.pptx 等 16 个文件","16","0"
"2025-11-25","交付台 / 报告资产","交付台 / 报告资产：修改 义乌市北苑街道最终计数表.xlsx；修改 国民经济行业-生产性服务业-生活性服务业分类对照表.xlsx；新增 海关总署数据.docx","4","0"
"2025-11-25","其他","其他：新增 海关总署数据.pdf","4","0"
"2025-11-27","交付台 / 报告资产","交付台 / 报告资产：新增 义乌租金.xlsx；修改 20250924义乌北苑街道方案测算（1）.xlsx；新增 表1、土地出让数据(2).xlsx；新增 表1、土地出让数据.xlsx 等 9 个文件","10","0"
"2025-11-27","其他","其他：新增 义乌租金2.xls","10","0"
"2025-12-01","交付台 / 报告资产","交付台 / 报告资产：新增 电商配套服务商.pptx；新增 实习生考勤表.xlsx；新增 表2、房屋出售数据(3).xlsx","5","0"
"2025-12-01","其他","其他：新增 424791036.png；新增 956083834.png","5","0"
"2025-12-02","交付台 / 报告资产","交付台 / 报告资产：新增 金华市国家中小企业数字化转型城市试点企业数字化改造备案项目（第六批）.docx；新增 8499ec9d6d944c929daed891a1f2e337.docx","2","0"
"2025-12-04","法律科技 / OSINT","法律科技 / OSINT：新增 中华人民共和国现行税收法律法规制度规范汇编.pdf；新增 中华人民共和国现行税收法律法规制度规范汇编_1-500.pdf","4","0"
"2025-12-04","其他","其他：新增 事业单位企业所得税政策介绍.pdf；修改 国家税务总局-事业单位企业所得税政策介绍.pdf","4","0"
"2025-12-05","法律科技 / OSINT","法律科技 / OSINT：修改 中华人民共和国现行税收法律法规制度规范汇编.docx","4","0"
"2025-12-05","交付台 / 报告资产","交付台 / 报告资产：新增 平行电商资料.docx","4","0"
"2025-12-05","其他","其他：新增 Model Tax .pdf；新增 中华人民共和国全国人民代表大会常务委员会公报2007年第3号.pdf","4","0"
"2025-12-08","交付台 / 报告资产","交付台 / 报告资产：新增 20251208北苑街道资产梳理落点图.pptx；新增 20251208-20亿资金所得税问题方案探讨.pptx；新增 图片转文字-20251208165419.pptx；新增 20251208北苑街道资产盘存统计表(2).xlsx 等 12 个文件","16","0"
"2025-12-08","法律科技 / OSINT","法律科技 / OSINT：修改 20251205法律路径.pptx","16","0"
"2025-12-08","其他","其他：新增 20251208-20亿资金所得税问题方案探讨.pdf；新增 北苑街道公共泊位统计表.xls；新增 北苑街道公共泊位统计表.xls","16","0"
"2025-12-09","交付台 / 报告资产","交付台 / 报告资产：新增 20251209北苑街道资产梳理落点图.pptx；新增 20251209北苑街道资产梳理落点图.pptx；新增 20251208北苑街道资产梳理落点图.pptx；新增 20251208北苑街道资产盘存统计表(1).xlsx 等 9 个文件","13","0"
"2025-12-09","其他","其他：新增 企业兼并重组主要税收优惠政策指引.pdf；新增 平行电商(离岸贸易)接地气视角-义乌“江湖”生态实操图.pdf；新增 平行电商(离岸贸易)接地气视角-义乌“江湖”生态实操图(1).pdf；新增 附录：我国支持企业兼并重组税收政策和征管文件汇编.pdf","13","0"
"2025-12-10","其他","其他：修改 平行电商(离岸贸易)接地气视角-义乌“江湖”生态实操图(1)(OCR).pdf","1","0"
"2025-12-12","法律科技 / OSINT","法律科技 / OSINT：新增 建设法规与合同管理-PPT汇报.docx.pptx；新增 建设法规与合同管理-PPT汇报.docx.pptx；修改 建设法规与合同管理-PPT汇报.pptx；新增 建设法规与合同管理-PPT汇报.docx 等 7 个文件","15","0"
"2025-12-12","交付台 / 报告资产","交付台 / 报告资产：新增 123.pptx；新增 456.pptx；新增 平行电商(离岸贸易)接地气视角-义乌“江湖”生态实操图(1)(OCR).pptx；新增 第一题.docx 等 8 个文件","15","0"
"2025-12-14","法律科技 / OSINT","法律科技 / OSINT：新增 建设法规与合同管理-PPT汇报.pdf；新增 许昕-22464490-建设法规与工程合同管理-第7次作业.docx；新增 许昕-22464490-建设法规与工程合同管理-第5次作业.docx；新增 许昕-22464490-建设法规与工程合同管理-第3次作业.docx 等 8 个文件","10","0"
"2025-12-14","交付台 / 报告资产","交付台 / 报告资产：新增 untitled-document-123-176970a6-ada6-41be-91b3-9bb3dda3b755 (1).docx","10","0"
"2025-12-14","其他","其他：新增 PDF合并.pdf","10","0"
"2025-12-16","交付台 / 报告资产","交付台 / 报告资产：新增 20251215 土地二次盘存税务问题及解决方案.pptx","1","0"
"2025-12-19","交付台 / 报告资产","交付台 / 报告资产：新增 证据目录及说明.docx；新增 证据目录及说明.docx；新增 tmp_93dd9c381ee5f42c4ea25e7851245059b1f10bcc737107cf.docx","7","0"
"2025-12-19","法律科技 / OSINT","法律科技 / OSINT：新增 民事起诉状——人身保险合同纠纷.docx；新增 民事起诉状——人身保险合同纠纷.docx","7","0"
"2025-12-19","其他","其他：新增 证据目录及说明.doc；修改 1783804907.png","7","0"
"2025-12-23","urban-research 城市更新","urban-research 城市更新：新增 义乌市北苑街道城市更新投融资咨询服务项目.xlsx；新增 技术标审查清单-义乌市北苑街道城市更新投融资咨询服务项目.xlsx；修改 技术标审查清单-义乌市北苑街道城市更新投融资咨询服务项目.xlsx；新增 副本义乌市北苑街道城市更新投融资咨询服务项目（正式版）(1).doc 等 6 个文件","13","0"
"2025-12-23","交付台 / 报告资产","交付台 / 报告资产：新增 招标文件解析.xlsx；新增 招标文件解析.docx","13","0"
"2025-12-23","其他","其他：新增 陪标2技术.doc；新增 主标.pdf；新增 招标文件.doc；新增 陪标1商务.doc 等 5 个文件","13","0"
"2025-12-24","交付台 / 报告资产","交付台 / 报告资产：新增 [招标解析报告] 招标文件.docx；新增 [招标解析报告] 招标文件.docx；新增 招标文件.docx","4","0"
"2025-12-24","其他","其他：修改 陪标1技术.doc","4","0"
"2025-12-25","交付台 / 报告资产","交付台 / 报告资产：新增 后宅街道资产考察调研.docx；新增 20251208北苑街道资产盘存统计表.xlsx；新增 小区外部路线规划用.xlsx；新增 文字文稿1.docx 等 7 个文件","7","0"
"2025-12-26","交付台 / 报告资产","交付台 / 报告资产：新增 untitled-document-124-feea9daf-15e6-480d-b68f-f9457e6e3bf9 (1).docx；新增 第四题.docx","3","0"
"2025-12-26","其他","其他：新增 20210906荆棘载途疑败诉，计上心来扭乾坤：王金水与S公司的工程款之争-案例正文-课堂.pdf","3","0"
"2025-12-29","交付台 / 报告资产","交付台 / 报告资产：新增 20251202后宅街道资产调研.docx；新增 后宅街道资产考察调研.docx","2","0"
"2025-12-30","交付台 / 报告资产","交付台 / 报告资产：新增 20251230金融机构问题征集-民生、南京、广发.xlsx；新增 金融机构问题征集.xlsx","4","0"
"2025-12-30","urban-research 城市更新","urban-research 城市更新：修改 20251230-北苑街道城市更新存量资产资源盘活推进计划.xlsx","4","0"
"2025-12-30","其他","其他：修改 20251230消费基础设施改造提升项目征集会.pdf","4","0"
"2026-01-04","交付台 / 报告资产","交付台 / 报告资产：新增 20251230义乌北苑消费基础设施改造提升项目第一二轮金融征集会结果汇报.xlsx；新增 20251230义乌北苑消费基础设施改造提升项目第一二轮金融征集会结果汇报.xlsx；修改 20251209北苑街道资产梳理落点图.pptx；修改 第五组案例分析—王金水与S公司工程款纠纷案(1).pptx 等 5 个文件","10","0"
"2026-01-04","其他","其他：新增 1.pdf；新增 368168648.png；新增 1137810598.png；新增 1143269847.png 等 5 个文件","10","0"
"2026-01-10","交付台 / 报告资产","交付台 / 报告资产：修改 浙江大学工程管理实践报告-22264223-毛海涛.docx；修改 工程管理实践报告-鞠学明22364566.pdf；修改 工程管理实践报告-22264344赵龙.pdf；新增 星座说的科学性之我见：基于科学划界理论的批判与反思.docx 等 6 个文件","11","0"
"2026-01-10","其他","其他：新增 page_1.pdf；新增 自然辩证法第三次测试_22464490_许昕.pdf；新增 page_1.pdf；新增 星座说的科学性之我见：基于科学划界理论的批判与反思.pdf","11","0"
"2026-01-10","法律科技 / OSINT","法律科技 / OSINT：修改 许昕-22464490-建设法规与工程合同管理-第9次作业.pdf","11","0"
"2026-01-12","其他","其他：新增 论文写作分享WJT_2026.pdf","1","0"
"2026-01-13","法律科技 / OSINT","法律科技 / OSINT：修改 建设法规与合同管理-PPT汇报.pptx","1","0"
"2026-01-15","交付台 / 报告资产","交付台 / 报告资产：新增 2025市场小结-译林出版社.docx","1","0"
"2026-01-19","交付台 / 报告资产","交付台 / 报告资产：新增 新能源汽车、低空经济与商业航天产业分析.pptx；新增 判断前提及溯源依据.docx；新增 事实核查与数据验真.xlsx","3","0"
"2026-01-20","交付台 / 报告资产","交付台 / 报告资产：新增 文件生成_20260120103749.pptx；新增 新能源汽车产能与商业航天机遇分析.pptx；新增 新能源汽车产能与商业航天机遇分析.pptx；新增 新能源汽车泡沫与商业航天机遇分析.pptx 等 8 个文件","8","0"
"2026-01-21","交付台 / 报告资产","交付台 / 报告资产：新增 PPT备用资料.docx；新增 核查过程.docx","2","0"
"2026-01-23","其他","其他：修改 关于召开同济咨询2025年度总结表彰大会的通知.pdf","1","0"
"2026-01-26","交付台 / 报告资产","交付台 / 报告资产：新增 工程管理实践报告-22264344赵龙.docx；新增 工程管理实践报告-许昕22464490.docx；新增 工程管理实践报告（模板）备注姓名+学号.docx；新增 工程管理实践报告-许昕22464490.pdf 等 19 个文件","22","0"
"2026-01-26","其他","其他：新增 五级行政区划2023年.csv；新增 城乡分类代码(1).doc；新增 城乡分类代码.doc","22","0"
"2026-01-27","交付台 / 报告资产","交付台 / 报告资产：修改 核查记录（可用信息）.docx","1","0"
"2026-01-28","交付台 / 报告资产","交付台 / 报告资产：新增 20260128神仙居二十五年历程.docx；修改 神仙居景区二十五年历程.docx；修改 牛首山景区二十五年历程.docx；新增 20260128牛首山二十五年历程.docx 等 11 个文件","11","0"
"2026-01-29","交付台 / 报告资产","交付台 / 报告资产：新增 北镇市深度研究报告_细化版.docx；新增 仙居县农业发展历程研究报告.docx","3","0"
"2026-01-29","其他","其他：修改 1798410081.png","3","0"
"2026-01-30","交付台 / 报告资产","交付台 / 报告资产：新增 北镇市葡萄产业研究报告(1949-2026).docx；新增 北镇市综合研究报告.docx；新增 北镇市旅游业发展历程研究报告.docx；新增 北镇市农业发展历程研究报告.docx 等 24 个文件","27","0"
"2026-01-30","法律科技 / OSINT","法律科技 / OSINT：新增 22464490-许昕-建设法规与工程合同管理-第10次作业.pptx；新增 22464490-许昕-建设法规与工程合同管理-第8次作业.docx","27","0"
"2026-01-30","其他","其他：新增 知识产权实务与信息利用第2节课.pdf","27","0"
"2026-02-02","交付台 / 报告资产","交付台 / 报告资产：修改 北镇市医巫闾山森林公园景区研究报告(1949-2026).docx；新增 仙居县产业研究报告.docx；新增 江宁区县规划研究.xlsx；新增 江宁旅游产业全量数据表.xlsx 等 8 个文件","8","0"
"2026-02-04","交付台 / 报告资产","交付台 / 报告资产：修改 国企改革编年史.xlsx","1","0"
"2026-02-05","交付台 / 报告资产","交付台 / 报告资产：新增 1.xlsx；修改 10.xlsx；修改 12.xlsx；新增 4.xlsx 等 14 个文件","14","0"
"2026-02-06","urban-research 城市更新","urban-research 城市更新：新增 北镇市县域经济发展研究报告.docx","9","0"
"2026-02-06","交付台 / 报告资产","交付台 / 报告资产：新增 15.xlsx；新增 16.xlsx；新增 16.xlsx；新增 江宁政府信息公开申请表.docx 等 5 个文件","9","0"
"2026-02-06","其他","其他：新增 政府信息公开申请表 (1).doc；新增 293001498.png；新增 320727601.png","9","0"
"2026-02-13","其他","其他：修改 251107后宅中心镇区地块一深化文本.pdf","1","0"
"2026-02-24","urban-research 城市更新","urban-research 城市更新：修改 202511.新时代县域经济学-新华社研究院pdf.pdf","1","0"
"2026-02-26","urban-research 城市更新","urban-research 城市更新：新增 仙居县县域经济发展研究报告.docx；新增 北镇市与仙居县县域经济发展对比研究报告.docx；新增 县域数据填充.xlsx；新增 202511.新时代县域经济学-新华社研究院pdf.docx 等 5 个文件","9","0"
"2026-02-26","交付台 / 报告资产","交付台 / 报告资产：修改 仙居县企业.xlsx；新增 仙居县企业.xlsx；修改 北镇市企业.xlsx；修改 仙居县企业分析.docx","9","0"
"2026-02-27","交付台 / 报告资产","交付台 / 报告资产：新增 南京市江宁区牛首山景区投融资分析报告(2000-2025).docx；新增 南京市江宁区牛首山景区投融资分析报告(2000-2025).docx；新增 19c9dd6c-a712-8458-8000-09d54fece078.docx；新增 19c9ca7c-f722-8529-8000-09d5bea7d7af.docx 等 5 个文件","6","0"
"2026-02-27","其他","其他：新增 county_data_cleaned.csv","6","0"
"2026-02-28","交付台 / 报告资产","交付台 / 报告资产：新增 台州市仙居县神仙居景区2000-2025年投融资深度研究报告.docx；新增 五级行政区划代码.xlsx；新增 实习生考勤表.xlsx；修改 后宅街道人口数据.xlsx 等 5 个文件","9","0"
"2026-02-28","urban-research 城市更新","urban-research 城市更新：新增 县域数据填充-统计局官网.xlsx；新增 县域数据填充-统计局官网 - 副本.xlsx","9","0"
"2026-02-28","其他","其他：新增 table_1.csv；新增 1145540265.png","9","0"
"2026-03-02","交付台 / 报告资产","交付台 / 报告资产：新增 后宅街道区域流量分析深度报告.docx；新增 后宅街道区域地理分析深度报告.docx；新增 义乌市后宅街道区域人口深度报告.docx","5","0"
"2026-03-02","urban-research 城市更新","urban-research 城市更新：新增 县域城市更新市场调研Agent架构设计方案.docx","5","0"
"2026-03-02","其他","其他：新增 1784885985.png","5","0"
"2026-03-03","Agent / Skill / 自动化","Agent / Skill / 自动化：新增 county_urban_renewal_skill.docx","34","0"
"2026-03-03","交付台 / 报告资产","交付台 / 报告资产：新增 后宅街道人口分析深度报告.docx；新增 后宅街道地理分析深度报告（2026年3月版）.docx；新增 后宅街道企业分析深度报告（2026年3月版）.docx；修改 后宅街道企业分析深度报告（2026年3月版）.docx 等 30 个文件","34","0"
"2026-03-03","其他","其他：新增 04f59ca78666499bb14a8685c5c4dff1.pdf；新增 义乌市2021年规模以上企业254家.pdf；新增 工伤处理流程指引-CMY-20260303.pdf","34","0"
"2026-03-04","交付台 / 报告资产","交付台 / 报告资产：新增 后宅街道区域企业数据(1).xlsx；新增 后宅街道区域企业数据.xlsx；修改 义乌自贸区地图.pptx；新增 北苑街道资料搜集模板.docx 等 17 个文件","27","0"
"2026-03-04","urban-research 城市更新","urban-research 城市更新：修改 后宅街道城市更新市场调研建议书（2026年3月版）.docx","27","0"
"2026-03-04","其他","其他：新增 table-1772608154491.csv；新增 数说义乌.pdf；新增 3d5b1b3336f2456ca3bd821b406cc55e.xls；新增 95d417213a3f4c17b6cf27ccad9c680d.xls 等 9 个文件","27","0"
"2026-03-05","urban-research 城市更新","urban-research 城市更新：新增 县域数据填充-基层人民法院官网.xlsx","2","0"
"2026-03-05","交付台 / 报告资产","交付台 / 报告资产：新增 三级行政区划代码.xlsx","2","0"
"2026-03-06","交付台 / 报告资产","交付台 / 报告资产：新增 堰桥街道人口分析深度报告.docx；新增 惠山区人口分析.docx","3","0"
"2026-03-06","urban-research 城市更新","urban-research 城市更新：修改 县域数据填充-红黑人口库.xlsx","3","0"
"2026-03-09","交付台 / 报告资产","交付台 / 报告资产：修改 后宅街道人口专业分析报告.xlsx；修改 郡县图鉴_PRD_v1.0.docx；新增 郡县图鉴_PRD_v1.0.docx；修改 后宅街道人口市场分析.xlsx 等 7 个文件","7","0"
"2026-03-12","交付台 / 报告资产","交付台 / 报告资产：新增 20260304 AI Future开发计划.docx；新增 红黑人口库结构爬取.xlsx；新增 郡县图鉴-项目介绍.pptx；新增 新建 DOCX 文档.docx","7","0"
"2026-03-12","urban-research 城市更新","urban-research 城市更新：新增 县域城市更新市场调研Agent架构.pptx；新增 县域数据填充_2024年GDP数据.xlsx","7","0"
"2026-03-12","其他","其他：新增 county_data_cleaned.csv","7","0"
"2026-03-13","Agent / Skill / 自动化","Agent / Skill / 自动化：修改 README.md：Humanizer；Installation；Usage；修改 README.md：XHS-Downloader 辅助工具；依赖；使用流程；修改 SKILL.md：Humanizer: Remove AI Writing Patterns；Your Task；PERSONALITY AND SOUL；修改 SKILL.md：WorkBuddy Channel Setup Automation；Prerequisites；Feishu-specific 等 19 个文件","35","0"
"2026-03-13","交付台 / 报告资产","交付台 / 报告资产：修改 江夏区人口分析深度报告.docx；新增 江夏区人口分析深度报告.docx；新增 江夏区地理分析深度报告.docx；新增 江夏区企业分析深度报告_批注版.docx 等 16 个文件","35","0"
"2026-03-15","法律科技 / OSINT","法律科技 / OSINT：新增 SKILL.md：消费者公益诉讼全流程助手；重要声明；一、使用场景识别","14","0"
"2026-03-15","Agent / Skill / 自动化","Agent / Skill / 自动化：新增 SKILL.md：Legal Persona Simulator；Overview；CRITICAL LEGAL DISCLAIMER；新增 LICENSE.txt：GNU AFFERO GENERAL PUBLIC LICENSE；Version 3, 19 November 2007","14","0"
"2026-03-15","其他","其他：新增 vol2.txt；新增 vol1.txt：【第1页】；是；新增 gen_cases.js：《我是原告》全案例集 · 小城杯公益之星创意诉讼大赛；新增 package-lock.json 等 11 个文件","14","0"
"2026-03-16","其他","其他：新增 gen_mp.js：关于本案例集；数据总览；我是原告·全案例集长图；新增 duplicate_finder.py：---------------------------------------------------------------------------；Constants；---------------------------------------------------------------------------；新增 srv2.js：const http = require('http');；const fs = require('fs');；新增 count.js：const fs = require('fs');；const c = fs.readFileSync('C:/Users/34587/Desktop/赛道7.消费者权益、小城杯公益诉讼大赛/我是原告全案例集_长图.html','utf8');","5","0"
"2026-03-16","交付台 / 报告资产","交付台 / 报告资产：新增 serve_report.js：const http = require('http');；const fs = require('fs');","5","0"
"2026-03-17","交付台 / 报告资产","交付台 / 报告资产：新增 义乌1688玩具商家汇总.xlsx；修改 义乌1688潮玩商家汇总.xlsx；新增 岛屿型县级行政区_不同时期不同口径_2025.xlsx；新增 岛屿型县级行政区_不同时期不同口径_2025.xlsx 等 5 个文件","5","0"
"2026-03-18","urban-research 城市更新","urban-research 城市更新：新增 洞头区地理空间分析深度报告_v2.docx；新增 洞头区地理空间分析深度报告.docx；修改 洞头区地理分析深度报告.docx；修改 洞头区地理分析深度报告.docx 等 9 个文件","19","0"
"2026-03-18","交付台 / 报告资产","交付台 / 报告资产：新增 义乌后宅街道产业谋划方案.xlsx；修改 抖音_义乌宠物行业调研.xlsx；新增 义乌站历年客运数据汇总.xlsx；新增 义乌市入境人流量各口径统计汇总.xlsx 等 9 个文件","19","0"
"2026-03-18","ADHD x AI 内容宇宙","ADHD x AI 内容宇宙：新增 小红书_义乌宠物行业调研.xlsx","19","0"
"2026-03-19","urban-research 城市更新","urban-research 城市更新：新增 县域城市更新市场调研Agent架构.pptx；新增 县域城市更新市场调研Agent架构.pptx","6","0"
"2026-03-19","交付台 / 报告资产","交付台 / 报告资产：新增 义乌供应商数据_1688.xlsx；新增 义乌宠物产业园需求分析与可行性建议.xlsx","6","0"
"2026-03-19","Agent / Skill / 自动化","Agent / Skill / 自动化：新增 区域全量分析Agent设计核心-数据获取与分析.pptx","6","0"
"2026-03-19","其他","其他：新增 yiwu_suppliers_raw.json","6","0"
"2026-03-20","法律科技 / OSINT","法律科技 / OSINT：新增 查询、分析被执行人银行账户和历史交易明细操作指南（定稿）(3).pptx","24","0"
"2026-03-20","交付台 / 报告资产","交付台 / 报告资产：修改 智爱宠物-可爱梳子报价单.xlsx；新增 20260320跨境电商全景产业链.pptx；新增 跨境电商全景产业链.pptx；新增 跨境电商全景产业链-v2.pptx 等 22 个文件","24","0"
"2026-03-20","其他","其他：新增 数据资产中国政策法规汇编（2025年初）.pdf","24","0"
"2026-03-21","其他","其他：新增 副本 Generic.pdf","1","0"
"2026-03-22","交付台 / 报告资产","交付台 / 报告资产：修改 仿制药的故事-二校样审校清单.xlsx；修改 仿制药的故事-二校样审校清单.xlsx","2","0"
"2026-03-23","Agent / Skill / 自动化","Agent / Skill / 自动化：新增 README.md：FBS-BookWriter v7 A+ 前端组件库；📦 组件清单；🚀 快速开始；新增 asset-readme.md：资产管理 UI 组件文档；📦 组件清单；🚀 快速开始；新增 README.md：NLU 前置拦截层 - 完成报告；开发任务；完成内容；新增 README.md：FBS-BookWriter v7 评分系统；文件清单；核心功能 等 25 个文件","35","0"
"2026-03-23","urban-research 城市更新","urban-research 城市更新：新增 洞头区地理空间分析深度报告_v2.docx；新增 洞头区历史分析深度报告.docx","35","0"
"2026-03-23","交付台 / 报告资产","交付台 / 报告资产：新增 义乌及周边区县跨境电商产业园竞争格局调研报告.docx；新增 跨境电商全景产业链.pptx；新增 20260320跨境电商全景产业链.pptx；新增 新加坡华侨个人户KYC表格.docx 等 8 个文件","35","0"
"2026-03-24","交付台 / 报告资产","交付台 / 报告资产：新增 01-北苑街道人口分析深度报告.docx；修改 03-义乌市企业分析深度报告.docx；新增 调研数据_task_2026_03_16_704033_26461.xlsx；新增 潮玩潮宠产业园1000份问卷调研_101-200.xlsx 等 13 个文件","17","0"
"2026-03-24","urban-research 城市更新","urban-research 城市更新：修改 03-洞头区企业分析深度报告.docx；修改 01-洞头区人口分析深度报告.docx；修改 01-洞头区人口分析深度报告.docx；新增 00-洞头区城市更新市场调研建议书.docx","17","0"
"2026-03-25","urban-research 城市更新","urban-research 城市更新：修改 report-template.docx；修改 SKILL.md：城市更新市场调研 - 主编排引擎；概述；架构；修改 00-proposal.md：维度00：城市更新市场调研综合建议书；报告文件名；定位与价值；修改 06-investment.md：维度06：区域投资分析深度报告；报告文件名；数据新鲜度原则 等 10 个文件","27","0"
"2026-03-25","交付台 / 报告资产","交付台 / 报告资产：新增 04-义乌市流量分析深度报告.docx；新增 调研数据_task_2026_03_24_588096_37165.xlsx；新增 华东浙江聚鸿国际报价表2026.03.25.xlsx；新增 北苑街道企业访谈_电商跨境版.xlsx 等 12 个文件","27","0"
"2026-03-25","Agent / Skill / 自动化","Agent / Skill / 自动化：修改 indicators.md：宏观数据指标科普；通胀指标；CPI (消费者物价指数)；修改 runtime-resolution.md：runtime-resolution；目标；基本策略；修改 resolve-wulv-path.py：#!/usr/bin/env python3；""""""Resolve the best `wulv` executable path for the current platform.；修改 _meta.json","27","0"
"2026-03-25","其他","其他：修改 sol.pdf","27","0"
"2026-03-26","Agent / Skill / 自动化","Agent / Skill / 自动化：新增 Claude技能商店全目录_Skills_Catalog.xlsx；修改 installation-and-auth.md：installation-and-auth；支持目标平台与架构；默认服务地址","2","0"
"2026-03-27","Agent / Skill / 自动化","Agent / Skill / 自动化：新增 README.md：🧬 Evolver；EvoMap -- The Evolution Network；Installation；新增 README.md：🧬 Evolver；EvoMap -- The Evolution Network；Installation；新增 README.zh-CN.md：🧬 Evolver；EvoMap -- 进化网络；安装；新增 README.zh-CN.md：🧬 Evolver；EvoMap -- 进化网络；安装 等 21 个文件","35","0"
"2026-03-27","其他","其他：新增 README.txt：README.txt: an index to idlelib files and the IDLE menu.；IDLE is Python's Integrated Development and Learning；新增 README.txt：IDLE-PYTHON LOGOS；These are sent to tk on Windows, *NIX, and non-Aqua macOS；新增 README.txt：This directory exists so that 3rd party packages can be installed；here. Read the source for site.py for more details.","35","0"
"2026-03-27","urban-research 城市更新","urban-research 城市更新：修改 01-洞头区人口分析深度报告.docx","35","0"
"2026-03-27","交付台 / 报告资产","交付台 / 报告资产：新增 02-亭湖区地理分析深度报告.docx；新增 03-亭湖区企业分析深度报告.docx；修改 05-亭湖区历史分析深度报告.docx；新增 01-亭湖区人口分析深度报告.docx 等 10 个文件","35","0"
"2026-03-30","urban-research 城市更新","urban-research 城市更新：新增 urban-research-v5v9逐条对比.xlsx","19","0"
"2026-03-30","交付台 / 报告资产","交付台 / 报告资产：新增 后宅街道产业园1000份问卷调研_数据洞察报告.docx；新增 后宅街道产业园1000份问卷调研_数据洞察报告V2.docx；新增 后宅街道产业园1000份问卷调研_001-100.xlsx；新增 我是原告_42案例汇总表.xlsx","19","0"
"2026-03-30","其他","其他：新增 WorkBuddy_使用说明书.md：WorkBuddy Agent 使用说明书；一、总览；二、我能做什么 — 按场景分类；新增 CodeBuddy_使用说明书.md：CodeBuddy Agent 全能力说明书；一、总览；二、核心任务能力清单；修改 2026-03-27.md：2026-03-27；Skill 商店知识更新；Skill 全面清理与升级；新增 2026-03-30.md：工作记忆 - 2026-03-30；AI Skill商店和平台汇总研究；汇总结果 等 9 个文件","19","0"
"2026-03-30","Agent / Skill / 自动化","Agent / Skill / 自动化：新增 researcher-biz.json；新增 researcher-china.json；新增 researcher-global.json；新增 researcher-tech.json 等 5 个文件","19","0"
"2026-03-31","交付台 / 报告资产","交付台 / 报告资产：新增 readme.html：win32com Readme；新增 DarkGarden-readme.txt：Dark Garden；===========；新增 00readme.txt：This directory is a convenient place to put；fonts where Reportlab will find them. If running；新增 实习生考勤表.xlsx 等 13 个文件","35","0"
"2026-03-31","其他","其他：新增 readme.txt：Project；-------；新增 readme.txt：ISO SCHEMATRON 2010；XSLT implementation by Rick Jelliffe with assistance from members of Schematron-love-in maillist.；新增 README.txt：In this directory you will find examples of ISAPI filters and extensions.；The filter loading mechanism works like this:；新增 readme.txt：COM Test Suite Readme；--------------------- 等 9 个文件","35","0"
"2026-03-31","Agent / Skill / 自动化","Agent / Skill / 自动化：新增 system_prompt.md：You are an AI agent designed to operate in an iterative loop to automate browser tasks. Your ultimate goal is accomplishing the task provided in <user_request>.；<intro>；新增 system_prompt_no_thinking.md：You are an AI agent designed to operate in an iterative loop to automate browser tasks. Your ultimate goal is accomplishing the task provided in <user_request>.；<intro>；新增 system_prompt_anthropic_flash.md：You are an AI agent designed to operate in an iterative loop to automate browser tasks. Your ultimate goal is accomplishing the task provided in <user_request>.；<intro>；新增 SKILL.md：Browser Automation with browser-use CLI；Prerequisites；Core Workflow 等 13 个文件","35","0"
"2026-04-02","交付台 / 报告资产","交付台 / 报告资产：新增 新加坡华侨个人户KYC表格.docx；新增 新加坡华侨个人户KYC表格.docx；新增 义乌人流量情报分析_交互式漏斗.html：义乌人流量情报分析 — 全口径漏斗拆解；新增 义乌人流量情报分析_交互式漏斗_1.html：义乌人流量情报分析 — 全口径漏斗拆解 等 7 个文件","7","0"
"2026-04-03","交付台 / 报告资产","交付台 / 报告资产：修改 义乌人流量情报分析报告.docx；修改 义乌人流量情报分析报告.docx；新增 PPT.pptx；新增 调研情况.pptx 等 16 个文件","19","0"
"2026-04-03","urban-research 城市更新","urban-research 城市更新：新增 后宅街道城市更新_商旅与产业谋划.pptx；新增 后宅街道城市更新_商旅与产业谋划.pptx；新增 2026年4月2日洞头盘存-二拜.pdf","19","0"
"2026-04-07","Agent / Skill / 自动化","Agent / Skill / 自动化：修改 Skill面板诊断报告.xlsx；新增 Skill面板诊断报告.xlsx；修改 skill-registry.20260408-095347.json","7","0"
"2026-04-07","交付台 / 报告资产","交付台 / 报告资产：修改 后宅街道项目需求调研表.xlsx","7","0"
"2026-04-07","其他","其他：新增 MEMORY.md；新增 MEMORY.md；修改 1818635173.png","7","0"
"2026-04-08","Agent / Skill / 自动化","Agent / Skill / 自动化：新增 README.md：Agent SDK — Python；Installation；Quick Start；新增 README.md：Claude API — Python；Installation；Client Initialization；新增 README.md：Agent SDK — TypeScript；Installation；Quick Start；新增 README.md：Claude API — TypeScript；Installation；Client Initialization 等 26 个文件","35","0"
"2026-04-08","urban-research 城市更新","urban-research 城市更新：新增 县域城市更新AI Agent系统-2小时汇报PPT-v2.pptx；新增 县域城市更新AI Agent系统-2小时汇报PPT.pptx；修改 claude县域城市更新AI Agent系统.pptx；新增 县域城市更新AI Agent系统-L1L3数据指标体系完整版.docx","35","0"
"2026-04-08","交付台 / 报告资产","交付台 / 报告资产：新增 01-白河县人口分析深度报告.docx；新增 01-后宅街道人口分析深度报告.docx；新增 04-白河县流量分析深度报告.docx；新增 民事起诉状_抢票加速包.docx 等 5 个文件","35","0"
"2026-04-09","urban-research 城市更新","urban-research 城市更新：新增 urban-research-dashboard.html：县域城市更新AI Agent系统 — 技术路线仪表盘 v7→v17.1；新增 urban-research-版本演化对比.xlsx；新增 县域城市更新AI Agent系统数据指标体系报告.pptx；新增 01-洞头区人口分析深度报告.docx 等 11 个文件","35","0"
"2026-04-09","交付台 / 报告资产","交付台 / 报告资产：修改 选题报告-Off_the_Top_of_My_Head-2026-04-09.docx；修改 选题报告-长寿幻觉-2026-04-09.docx；修改 选题报告-Longevity_Delusion-2026-04-09.docx；新增 01-后宅人口分析深度报告.docx 等 21 个文件","35","0"
"2026-04-09","Agent / Skill / 自动化","Agent / Skill / 自动化：修改 9维榨干报告_AgentTeam.docx；新增 9维榨干报告_AgentTeam.docx；新增 analyze_skills_v2.py：v2: Separate PRODUCE and CONSUME signal words for directionality；v2: Fallback — check description-only for primary file type associations；This uses simple keyword presence but ONLY in the description field (much shorter, more precise)","35","0"
"2026-04-10","urban-research 城市更新","urban-research 城市更新：修改 MANIFEST.md：县域城市更新AI Agent系统 v16.1 — 主系统索引 (MANIFEST)；第一节：系统概览；核心定位；修改 MANIFEST.md：县域城市更新AI Agent系统 v16.1 — 主系统索引 (MANIFEST)；第一节：系统概览；核心定位；修改 MANIFEST (3).md：县域城市更新AI Agent系统 v16.1 — 主系统索引 (MANIFEST)；第一节：系统概览；核心定位；修改 SKILL.md：城市更新市场调研 - 主编排引擎 v17.2；设计原则；能力分级（启动时检测） 等 33 个文件","35","0"
"2026-04-10","交付台 / 报告资产","交付台 / 报告资产：新增 eval_docx_v17.py：Extract paragraphs；Get paragraph style；Get text","35","0"
"2026-04-10","其他","其他：新增 test_registry.json","35","0"
"2026-04-11","urban-research 城市更新","urban-research 城市更新：修改 SKILL.md：城市更新市场调研 - 主编排引擎 v17.2-iter14；设计原则；能力分级（启动时检测）；修改 SKILL (6).md：城市更新市场调研 - 主编排引擎 v17.2-iter14；设计原则；能力分级（启动时检测）；修改 00-proposal.md：维度00：城市更新市场调研综合建议书；报告文件名；定位与价值；修改 00-proposal (3).md：维度00：城市更新市场调研综合建议书；报告文件名；定位与价值 等 23 个文件","35","0"
"2026-04-11","交付台 / 报告资产","交付台 / 报告资产：新增 docx_engine.py：--- Style Configuration ---；Apply preset if specified；Merge with defaults (custom overrides)","35","0"
"2026-04-11","Agent / Skill / 自动化","Agent / Skill / 自动化：新增 deep_harness_1778132474335.py：========== D1. 执行前必读 lines → ref files must exist ==========；========== D2. SKILL.md JSON example parseability (semi-structural) ==========；JSON examples in skill docs use ellipsis placeholders; we don't require strict；新增 reconcile_harness_1778132474352.py：========== R1. 参考文件路径声明 vs 实际存在 ==========；Inverse: every existing ref must be referenced in SKILL.md (no orphans)；========== R2. 工作目录 JSON 文件名 vs 模块文本 ==========；新增 runtime_harness_1778132474379.py：---------- T1. Routing decision tests ----------；Parse routing decision tree block, build keyword->module map.；Honor SKILL.md ordering: first match wins；新增 weight_harness_1778132474393.py：========== W1. M1 五维权重 ==========；Each expected dim must appear；SKILL.md M1 block must echo the same weights 等 8 个文件","35","0"
"2026-04-11","其他","其他：修改 constraints.json；新增 baseline_lock_1778132474327.py：exit 1 on any check that was PASS but is now FAIL；(a ""regression""), or any check that was present；in golden but absent now (""removed_check"").；新增 run_all_1778132474384.py：#!/usr/bin/env python3；""""""publishing-suite v3.14 unified regression runner — 一键跑完所有 harness.","35","0"
"2026-04-12","交付台 / 报告资产","交付台 / 报告资产：修改 选题报告-Everything_Is_Tuberculosis-2026-04-12.docx；修改 选题报告-Empire_of_AI-2026-04-12.docx；修改 01-佛堂人口分析深度报告.docx；新增 Filterworld-选题论证报告-v316trial.docx 等 5 个文件","35","0"
"2026-04-12","其他","其他：新增 baseline_golden.json；修改 baseline_golden_1778132474326.json；新增 reconcile_results.json；修改 reconcile_results_1778132474354.json 等 18 个文件","35","0"
"2026-04-12","Agent / Skill / 自动化","Agent / Skill / 自动化：新增 deep_harness.py：========== D1. 执行前必读 lines → ref files must exist ==========；========== D2. SKILL.md JSON example parseability (semi-structural) ==========；JSON examples in skill docs use ellipsis placeholders; we don't require strict；新增 reconcile_harness.py：========== R1. 参考文件路径声明 vs 实际存在 ==========；Inverse: every existing ref must be referenced in SKILL.md (no orphans)；========== R2. 工作目录 JSON 文件名 vs 模块文本 ==========；新增 runtime_harness.py：---------- T1. Routing decision tests ----------；Parse routing decision tree block, build keyword->module map.；Honor SKILL.md ordering: first match wins；新增 mutation_harness.py：Each: (id, target, regex, replacement, expected_catcher)；=== 数字篡改（命中权重测试）===；=== 关键字段破坏 === 等 12 个文件","35","0"
"2026-04-13","urban-research 城市更新","urban-research 城市更新：新增 SKILL (4).md：城市更新市场调研 - 主编排引擎 v17.2-iter16；设计原则；能力分级（启动时检测）；新增 SKILL (2).md：县域城市更新 AI Agent 系统 — 技术路线仪表盘；概述；核心特性；修改 SKILL.md：县域城市更新 AI Agent 系统 — 技术路线仪表盘；概述；核心特性；修改 豆包-县域城市更新AI Agent系统数据指标体系报告.pptx 等 8 个文件","35","0"
"2026-04-13","交付台 / 报告资产","交付台 / 报告资产：修改 选题报告-AI祠魅-20260413.docx；修改 选题报告-致命药瘾-20260413.docx；新增 一窗通填报信息收集表（合伙企业）.xlsx；新增 选题论证-至高之争-20260413.docx 等 6 个文件","35","0"
"2026-04-13","其他","其他：新增 audit_grounding.py：Layer 1: URL审计；Layer 2: 数据Grounding；Layer 3: 模板检测；新增 content_safeguard.py：Build set of existing (label, value[:50]) pairs；Add baseline items not in current；Fix URL if placeholder；新增 TOOLS.md：TOOLS.md - Local Notes；What Goes Here；Examples；新增 USER.md：USER.md - About Your Human；Context","35","0"
"2026-04-13","Agent / Skill / 自动化","Agent / Skill / 自动化：新增 SKILL.md：GROUP A: ACTIVE SKILLS — Update description + add extras；GROUP B: DMI SKILLS — Update description AND ensure disable-model-invocation: true；GROUP C: REDUNDANT SKILLS — These should be UNINSTALLED by the user；新增 AGENTS.md：AGENTS.md - Your Workspace；First Run；Session Startup；新增 AGENTS.md：AGENTS.md - Your Workspace；First Run；Session Startup；新增 cyber_friend.md：心直口快的赛博朋友 等 17 个文件","35","0"
"2026-04-14","交付台 / 报告资产","交付台 / 报告资产：新增 01-义乌市后宅街道人口分析深度报告.docx；新增 00-建议书.docx；修改 00-建议书.docx；新增 generate_report.py：-*- coding: utf-8 -*-；Header；Rows 等 8 个文件","35","0"
"2026-04-14","urban-research 城市更新","urban-research 城市更新：新增 浙常市洞头区城市更新市场调研报告.docx；新增 浙常市洞头区城市更新市场调研报告.docx；新增 后宅街道城市更新调研建议书-L2深度版.docx；新增 后宅街道城市更新调研建议书.docx 等 5 个文件","35","0"
"2026-04-14","Agent / Skill / 自动化","Agent / Skill / 自动化：新增 SKILL.md：GitHub Skill；Pull Requests；API for Advanced Queries；修改 d6eab4b0-57e7-439a-b950-c8694c9422ac.jsonl；修改 0e0b0498-a0ad-4c16-956b-2e04d253661c.jsonl；新增 sessions.json","35","0"
"2026-04-14","其他","其他：新增 2026-04-14.md：2026-04-14；修改 MEMORY.md：当前项目与关注；新增 2026-04-14.md：2026-04-14 工作日志；09:51 - 地理数据采集；新增 MEMORY.md 等 18 个文件","35","0"
"2026-04-15","urban-research 城市更新","urban-research 城市更新：新增 SKILL (3).md：城市更新市场调研 - 主编排引擎 v17.2-iter16；设计原则；能力分级（启动时检测）；新增 SKILL (5).md：城市更新市场调研 - 主编排引擎 v17.2-iter16；设计原则；能力分级（启动时检测）；新增 SKILL.md：城市更新调研 - 硬编码稳态版 v1.0；目标；目录结构；修改 SKILL.md：城市更新调研 - 硬编码稳态版 v1.0；目标；目录结构 等 35 个文件","35","0"
"2026-04-16","urban-research 城市更新","urban-research 城市更新：新增 urban-research-xray.html：Urban-Research — 21 版本全景结构对比；新增 洞头区报告审计分析.docx；修改 01-锦州经济技术开发区人口分析深度报告.docx；修改 01-锦州高新区人口分析深度报告.docx 等 7 个文件","35","0"
"2026-04-16","交付台 / 报告资产","交付台 / 报告资产：修改 苏州阳澄湖大闸蟹百年历史调研报告.docx；修改 苏州阳澄湖大闸蟹百年历史调研报告.docx；新增 苏州阳澄湖大闸蟹百年历史调研报告.docx；新增 06-黑山县投资分析报告.docx 等 25 个文件","35","0"
"2026-04-16","其他","其他：修改 l1_foundation.py：---------------------------------------------------------------------------；helpers；---------------------------------------------------------------------------；修改 formulas.py：""""""；品牌交易额目标分配 — 核心公式单一事实源（Single Source of Truth）。；修改 __init___1778132475623.py：""""""品牌交易额目标分配。""""""；__version__ = ""0.1.0""","35","0"
"2026-04-17","urban-research 城市更新","urban-research 城市更新：新增 urban-research 项目历任贡献与遗留债务（版本合并报告） (3).docx；新增 urban-research 项目历任贡献与遗留债务（版本合并报告） (2).docx；新增 urban-research 项目历任贡献与遗留债务（版本合并报告）.docx；修改 SKILL.md：---；name: urban-research-iter-loop 等 12 个文件","31","0"
"2026-04-17","交付台 / 报告资产","交付台 / 报告资产：修改 01-马山街道人口分析深度报告.docx；修改 01-黑山县人口分析深度报告-V19.1.docx；修改 01-黑山县人口分析深度报告.docx","31","0"
"2026-04-17","其他","其他：修改 io.py：---------------------------------------------------------------------------；组织层级与品牌清单（hand-crafted，便于 debug）；---------------------------------------------------------------------------；修改 l2_calibration.py：---------------------------------------------------------------------------；Classification primitive；---------------------------------------------------------------------------；修改 risk.py：---------------------------------------------------------------------------；AC-005C · 关键影响因子进入 explain；---------------------------------------------------------------------------；新增 美团外卖商家端claw版简介(1)(1).pdf","31","0"
"2026-04-17","Agent / Skill / 自动化","Agent / Skill / 自动化：修改 SKILL.md：---；name: skill-usage-sensor；修改 SKILL.md：---；name: cognitive-os-iter-afternoon；修改 SKILL.md：---；name: skill-install-monitor；修改 SKILL.md：---；name: cognitive-os-iter-night 等 12 个文件","31","0"
"2026-04-18","交付台 / 报告资产","交付台 / 报告资产：新增 股权方案架构实战解析.pptx；新增 民事案件案由规定(1).xlsx","3","0"
"2026-04-18","urban-research 城市更新","urban-research 城市更新：新增 00-洞头区城市更新市场调研建议书.docx","3","0"
"2026-04-20","交付台 / 报告资产","交付台 / 报告资产：新增 马山街道企业数据分析报告.docx；新增 03-马山街道企业分析深度报告.docx；新增 02-地理维度深度报告.docx；新增 01-人口维度深度报告.docx 等 9 个文件","35","0"
"2026-04-20","urban-research 城市更新","urban-research 城市更新：新增 V19.2-测试报告-洞头区人口.docx；新增 00-proposal-旌德县城市更新调研建议书.docx；新增 00-洞头区城市更新市场调研建议书.docx；修改 00-洞头区城市更新市场调研建议书.docx 等 6 个文件","35","0"
"2026-04-20","Agent / Skill / 自动化","Agent / Skill / 自动化：修改 SKILL.md：QQ Mail Skill；Required Call Sequence；Always call GetMe first (at session start)；修改 SKILL.md：---；name: github-remote；修改 SKILL.md：---；name: lexiang；修改 mcp.json 等 9 个文件","35","0"
"2026-04-20","其他","其他：修改 qq-mail.png；修改 tencent-docs.png；新增 UIHistory_20260420_141601_log.txt：<acguiNotice module=""com.cisco.anyconnect.presentation.vpn"" type=""setup"" timestamp=""2026/4/20 14:16:02"">；<button id=""simple_action_btn"" OnPress=""simple_action_btn_OnPress"" OnPressID=""simple_headend_combobox""/>；修改 baidu-netdisk.png 等 11 个文件","35","0"
"2026-04-21","其他","其他：新增 README.md：OpenClaw Control Center；Why this exists；What you get；新增 README.zh-CN.md：OpenClaw Control Center；这个项目是做什么的；你能得到什么；新增 README.en.md：OpenClaw Control Center；修改 cli.py：---------------------------------------------------------------------------；必填列（缺了就没法跑 → 直接报错退出）；--------------------------------------------------------------------------- 等 5 个文件","35","0"
"2026-04-21","交付台 / 报告资产","交付台 / 报告资产：新增 旌德县企业数据分析报告 .docx；新增 03-旌德县企业分析深度报告.docx；新增 06-旌德县投资分析深度报告.docx；新增 05-旌德县历史分析深度报告.docx 等 9 个文件","35","0"
"2026-04-21","urban-research 城市更新","urban-research 城市更新：新增 00-旌德县城市更新市场调研建议书.docx；修改 datasources.md：城市更新数据源注册表 — 可执行版；使用方法；一、政务数据平台（维度01-06通用）；修改 datasources.md：城市更新数据源注册表 — 可执行版；使用方法；一、政务数据平台（维度01-06通用）；修改 datasources.md：城市更新数据源注册表 — 可执行版；使用方法；一、政务数据平台（维度01-06通用） 等 17 个文件","35","0"
"2026-04-21","Agent / Skill / 自动化","Agent / Skill / 自动化：修改 datasources.md：城市更新数据源注册表 — 可执行版；使用方法；一、政务数据平台（维度01-06通用）；修改 datasources.md：城市更新数据源注册表 — 可执行版；使用方法；一、政务数据平台（维度01-06通用）；修改 styles.json；修改 styles.json","35","0"
"2026-04-22","urban-research 城市更新","urban-research 城市更新：修改 README.md：urban-research V21.0 — 县域城市更新市场调研 AI Agent；10 秒快速上手；目录结构（安装后）；修改 README.md：urban-research V21.0 — 县域城市更新市场调研 AI Agent；10 秒快速上手；目录结构（安装后）；新增 03-洞头区企业维度深度报告.docx；新增 02-洞头区地理维度深度报告.docx 等 29 个文件","35","0"
"2026-04-22","交付台 / 报告资产","交付台 / 报告资产：修改 02-地理维度深度报告.docx；修改 01-人口维度深度报告.docx","35","0"
"2026-04-22","Agent / Skill / 自动化","Agent / Skill / 自动化：修改 regional_features.json；修改 regional_features.json；修改 agent_budget.json；修改 agent_budget.json","35","0"
"2026-04-23","urban-research 城市更新","urban-research 城市更新：修改 V21.0_lessons.md：V21.x 迭代经验沉淀（V20 历史教训 + V21.0 重构三条 + V21.1 8 项修复 + V21.2 命名统一）；🧭 V21.0 核心哲学（写在最前，防止后人继续搞错）；🔥 V21.0 首轮重构事故（2026-04-22 用户及时纠正）；修改 06-investment.md：维度06：区域投资分析深度报告 V20.0；报告文件名（V21.2 标准）；🆕 V20.0 造血优先结构硬要求；修改 04-traffic.md：维度04：区域流量分析深度报告；报告文件名（V21.2 标准）；分层数据采集策略；修改 03-enterprise.md：维度03：区域企业分析深度报告 V20.0；报告文件名（V21.2 标准）；🆕 V20.0 零章：企业大盘画像（27 指标全图谱） 等 33 个文件","35","0"
"2026-04-23","Agent / Skill / 自动化","Agent / Skill / 自动化：修改 dimensions.json；修改 dimensions.json","35","0"
"2026-04-24","ADHD x AI 内容宇宙","ADHD x AI 内容宇宙：修改 AI领域100个活跃公众号博主.md：AI领域100个活跃微信公众号博主 — 精选排行榜；一、分类统计概览；洞见评级标准；修改 AI领域100个活跃公众号博主.docx；修改 AI领域微信公众号推荐清单.md：中国AI领域优质微信公众号推荐清单；一、AI行业媒体/资讯类（综合类）；1. 量子位（QbitAI）；修改 AI_KOL_微信公众号列表.md：中国AI领域个人KOL、专家型微信公众号列表；一、知名AI创业者个人公众号；1. 飞哥说AI | 李志飞 等 9 个文件","30","0"
"2026-04-24","urban-research 城市更新","urban-research 城市更新：修改 README.md：urban-research V21.2 — 县域城市更新市场调研 AI Agent；10 秒快速上手；目录结构（安装后）；修改 README.md：urban-research V21.2 — 县域城市更新市场调研 AI Agent；10 秒快速上手；目录结构（安装后）；修改 README (2).md：urban-research V21.2 — 县域城市更新市场调研 AI Agent；10 秒快速上手；目录结构（安装后）；新增 03-企业维度深度报告.docx 等 14 个文件","30","0"
"2026-04-24","交付台 / 报告资产","交付台 / 报告资产：新增 旌德县产业类项目候选报告15个.docx；新增 产业类项目深度报告.docx；新增 旌德县存量盘活项目候选报告15个.docx；新增 存量盘活项目深度报告.docx","30","0"
"2026-04-24","其他","其他：新增 MEMORY.md；新增 MEMORY.md；新增 MEMORY.md","30","0"
"2026-04-25","其他","其他：新增 ue_results.json；新增 analyze.py：---------------------------------------------------------------------------；helpers；---------------------------------------------------------------------------；新增 gen_megadata.py：---------------------------------------------------------------------------；业务真相参数（手工标注，非随机）；---------------------------------------------------------------------------；新增 cli_1778132475900.py：---------------------------------------------------------------------------；必填列（缺了就没法跑 → 直接报错退出）；--------------------------------------------------------------------------- 等 23 个文件","24","0"
"2026-04-25","urban-research 城市更新","urban-research 城市更新：修改 【初稿】20260326江阴市司马街地块城市更新-2.0.pdf","24","0"
"2026-04-26","交付台 / 报告资产","交付台 / 报告资产：新增 CyberUnion_AI_MCN_合作方案.pptx；新增 CyberUnion_AI_MCN_合作方案.pptx；新增 MCN机构与达人合作协议.docx；新增 01_company_form_filled.xlsx 等 5 个文件","5","0"
"2026-04-27","urban-research 城市更新","urban-research 城市更新：新增 00-江阴澄江街道城市更新调研综合报告.docx；新增 00-江阴澄江街道城市更新调研综合报告.docx；新增 00-江阴澄江街道城市更新调研综合报告.docx；修改 00-proposal.md：维度00：城市更新市场调研综合报告；报告文件名（V21.2 标准）；定位与价值 等 16 个文件","35","0"
"2026-04-27","法律科技 / OSINT","法律科技 / OSINT：新增 06-江阴澄江街道投资维度深度报告.docx；新增 02-江阴澄江街道地理维度深度报告.docx；新增 04-江阴澄江街道流量维度深度报告.docx；新增 03-江阴澄江街道企业维度深度报告.docx 等 19 个文件","35","0"
"2026-04-28","ADHD x AI 内容宇宙","ADHD x AI 内容宇宙：修改 全球ADHD×AIGC双A博主全景图研究报告.docx；修改 AI公众号深度研究报告.docx；修改 AI公众号深度研究报告.md：AI领域100个活跃公众号博主深度研究报告；一、核心发现摘要；1.1 研究假设验证结果；修改 adhd_analysis.agent.final.footnote.docx 等 35 个文件","35","0"
"2026-04-29","交付台 / 报告资产","交付台 / 报告资产：新增 黑山苏州对口合作企业清单汇总.docx；新增 20260429黑山苏州对口合作企业清单汇总.docx；新增 20260429黑山苏州对口合作企业清单汇总.docx；新增 20260429黑山苏州对口合作企业清单汇总.docx 等 35 个文件","35","0"
"2026-04-30","Agent / Skill / 自动化","Agent / Skill / 自动化：新增 README.md：Hermes TUI；What runs；Running it；新增 README.md：AAAI 2026 统一LaTeX模板使用说明 / AAAI 2026 Unified LaTeX Template Guide；🌐 在线查看 / Online Access；中文版本；新增 README.md：☤ ASCII Video；What this is；Modes；新增 README.md：Hermes-Agent Atropos Environments；Architecture Overview；Inheritance Chain 等 21 个文件","35","0"
"2026-04-30","交付台 / 报告资产","交付台 / 报告资产：新增 AI-使用全景报告.md：AI 使用全景分析报告；一、数据资产总览；二、分平台使用画像","35","0"
"2026-04-30","其他","其他：新增 duplicate_files.csv；新增 empty_folders.csv；新增 empty_files.csv；新增 large_files.csv","35","0"
"2026-04-30","urban-research 城市更新","urban-research 城市更新：新增 SKILL.md：城市更新市场调研 - 主编排引擎 v17.2-iter15；设计原则；能力分级（启动时检测）；新增 00-proposal.md：维度00：城市更新市场调研综合建议书；报告文件名；定位与价值；新增 06-investment.md：维度06：区域投资分析深度报告；报告文件名；分层数据采集策略；新增 02-geography.md：维度02：区域地理分析深度报告；报告文件名；分层数据采集策略 等 9 个文件","35","0"
"2026-05-05","Agent / Skill / 自动化","Agent / Skill / 自动化：修改 favicon-urban.e32bfdde.png","1","0"
"2026-05-06","ADHD x AI 内容宇宙","ADHD x AI 内容宇宙：修改 ADHDxAIGC双A博主深度洞见报告.docx；修改 双A博主终极考古报告v3_隐藏关联与说做鸿沟.docx；修改 surprise_insights_compilation.footnote.docx；修改 ultimate_archaeology_v3.footnote.docx 等 35 个文件","35","0"
"2026-05-07","ADHD x AI 内容宇宙","ADHD x AI 内容宇宙：修改 ADHD全史终极考古报告_122年概念演变101位名人29篇论文10大规律.docx；修改 DOUBLE-A爽爆级终极报告_2.95万亿美元_71.9%增长_制图者战略.docx；修改 公众号内容解剖报告.md：中文AI公众号深度内容解剖报告；一、中文AI公众号排行榜数据概览（AIGCRank 2024.12）；二、十大公众号内容解剖报告；修改 视频内容策略分析报告.md：AI视频博主内容策略深度分析报告；目录；一、博主逐一个案分析 等 35 个文件","35","0"
"2026-05-08","ADHD x AI 内容宇宙","ADHD x AI 内容宇宙：修改 README.md：🧠 ADHD×AI 情报自动流 (ADHD×AI Intelligence Flow)；系统架构；核心设计理念；修改 全球AI博主情报蒸馏作战手册_完整版.md：🌍 全球AI博主情报蒸馏作战手册 —— 完整版；📑 目录；第1部分: 作战计划；修改 全球AI博主情报蒸馏作战手册_完整版.docx；修改 ADHD×AI情报自动流_系统架构与部署指南.md：ADHD×AI 情报自动流系统 —— 架构设计与部署指南；🧠 系统定位；🏗️ 系统架构图 等 20 个文件","35","7"
"2026-05-08","Agent / Skill / 自动化","Agent / Skill / 自动化：新增 README.md：urban-research V21.7 — 县域城市更新市场调研 AI Agent；10 秒快速上手；目录结构（安装后）；新增 README.md：urban-research V21.7 — 县域城市更新市场调研 AI Agent；10 秒快速上手；目录结构（安装后）；新增 README.md：urban-research V21.7 — 县域城市更新市场调研 AI Agent；10 秒快速上手；目录结构（安装后）；新增 README.md：urban-research V21.7 — 县域城市更新市场调研 AI Agent；10 秒快速上手；目录结构（安装后） 等 5 个文件","35","7"
"2026-05-08","urban-research 城市更新","urban-research 城市更新：新增 README.md：urban-research V21.7 — 县域城市更新市场调研 AI Agent；10 秒快速上手；目录结构（安装后）；新增 README.md：urban-research V21.7 — 县域城市更新市场调研 AI Agent；10 秒快速上手；目录结构（安装后）；新增 README.md：urban-research V21.7 — 县域城市更新市场调研 AI Agent；10 秒快速上手；目录结构（安装后）；新增 README.md：urban-research V21.7 — 县域城市更新市场调研 AI Agent；10 秒快速上手；目录结构（安装后） 等 10 个文件","35","7"
"2026-05-08","ADHD x AI 内容宇宙","会话推进：- **UPDATED**: 2026-05-08 12:15","35","7"
"2026-05-08","ADHD x AI 内容宇宙","会话推进：- **PROGRESS**: 完成 13/15(A2 012 续稿与 A8 草稿升级因边界事件未做,等用户笔)","35","7"
"2026-05-08","ADHD x AI 内容宇宙","会话推进：- C:\Users\34587\Desktop\当前项目\交付台\待发\问题011\问题011_*.html (公众号)","35","7"
"2026-05-08","ADHD x AI 内容宇宙","会话推进：- C:\Users\34587\Desktop\当前项目\交付台\待发\问题011\小红书钩子候选_金句抽提.md","35","7"
"2026-05-09","urban-research 城市更新","urban-research 城市更新：修改 README.md：urban-research V22.1-RC — 县域城市更新市场调研 AI Agent；10 秒快速上手；V22.1-RC 重点；修改 README.md：urban-research V22.1-RC — 县域城市更新市场调研 AI Agent；10 秒快速上手；V22.1-RC 重点；新增 README.md：Phase 0 来源快照；修改 S01_2026年锦州市政府工作报告.html：2026年锦州市政府工作报告 等 35 个文件","35","0"
"2026-05-10","法律科技 / OSINT","法律科技 / OSINT：新增 认知篇-1h（这就是律师版）.pptx；新增 应用篇-1h（这就是律师版）.pptx","13","0"
"2026-05-10","交付台 / 报告资产","交付台 / 报告资产：新增 国企中登AI进化之路_直播作战稿.html：国企中登的AI进化之路 · 直播作战稿；新增 国企中登AI进化之路_直播展示版.html：国企中登的AI进化之路 · 直播展示版；新增 国企AI工作台截图_脱敏展示.png；新增 直播_封面_国企AI进化之路.png 等 10 个文件","13","0"
"2026-05-10","其他","其他：新增 a2ce823e-2367-4450-a2c9-e3b069b62e56.png","13","0"
"2026-05-11","Agent / Skill / 自动化","Agent / Skill / 自动化：新增 README.md：urban-research V23-final — 县域城市更新市场调研 AI Agent；10 秒快速上手；V23-final 重点；新增 README.md：urban-research V23-final — 县域城市更新市场调研 AI Agent；10 秒快速上手；V23-final 重点；新增 README.md：urban-research V23-final — 县域城市更新市场调研 AI Agent；10 秒快速上手；V23-final 重点；新增 README.md：urban-research V23-final — 县域城市更新市场调研 AI Agent；10 秒快速上手；V23-final 重点 等 7 个文件","35","0"
"2026-05-11","urban-research 城市更新","urban-research 城市更新：新增 README.md：urban-research V23-final — 县域城市更新市场调研 AI Agent；10 秒快速上手；V23-final 重点；新增 README.md：urban-research V22.3-final-state — 县域城市更新市场调研 AI Agent；10 秒快速上手；V22.3-final-state 重点；新增 README.md：urban-research V22.3-final-state — 县域城市更新市场调研 AI Agent；10 秒快速上手；V22.3-final-state 重点；新增 README.md：urban-research V22.3-final-state — 县域城市更新市场调研 AI Agent；10 秒快速上手；V22.3-final-state 重点 等 28 个文件","35","0"
"2026-05-12","ADHD x AI 内容宇宙","ADHD x AI 内容宇宙：修改 report_jinzhou_total.md：锦州市市辖区城市更新市场调研综合建议书；执行摘要；[核心结论]；修改 report_jinzhou_songshan.md：锦州市松山新区（高新区）城市更新市场调研综合建议书；执行摘要；核心结论；修改 report_jinzhou_binhai.md：锦州市滨海新区（经开区）城市更新市场调研综合建议书；执行摘要；核心结论；修改 report_jinzhou_guta.md：锦州市古塔区城市更新市场调研综合建议书；执行摘要；[核心结论] 等 18 个文件","35","12"
"2026-05-12","urban-research 城市更新","urban-research 城市更新：修改 README.md：urban-research V23.2-delivery-polish — 县域城市更新市场调研 AI Agent；10 秒快速上手；V23.2-delivery-polish 重点；修改 README.md：urban-research V23.2-delivery-polish — 县域城市更新市场调研 AI Agent；10 秒快速上手；V23.2-delivery-polish 重点；新增 README.md：urban-research V23.1-feedback-hardening — 县域城市更新市场调研 AI Agent；10 秒快速上手；V23.1-feedback-hardening 重点；新增 README.md：urban-research V23.1-feedback-hardening — 县域城市更新市场调研 AI Agent；10 秒快速上手；V23.1-feedback-hardening 重点 等 12 个文件","35","12"
"2026-05-12","Agent / Skill / 自动化","Agent / Skill / 自动化：新增 README.md：urban-research V23-final — 县域城市更新市场调研 AI Agent；10 秒快速上手；V23-final 重点；新增 README.md：urban-research V23-final — 县域城市更新市场调研 AI Agent；10 秒快速上手；V23-final 重点；新增 README.md：urban-research V23-final — 县域城市更新市场调研 AI Agent；10 秒快速上手；V23-final 重点；新增 README.md：urban-research V23-final — 县域城市更新市场调研 AI Agent；10 秒快速上手；V23-final 重点 等 5 个文件","35","12"
"2026-05-12","ADHD x AI 内容宇宙","会话推进：updated_at: 2026-05-11T16:35:49+00:00","35","12"
"2026-05-12","ADHD x AI 内容宇宙","会话推进：Rollout context: primary working directory was `C:\Users\34587\Desktop\选题池\草稿`. The folder contained ADHD×AI article drafts numbered 039–060, plus related top-level planning files in `C:\Users\34587\Desktop\选题池` (`所有选题问句标题_持续更新.md`, `发酵池.md`, `变电器工作流_v1.0_多接口输","35","12"
"2026-05-12","ADHD x AI 内容宇宙","会话推进：Outcome: success","35","12"
"2026-05-12","ADHD x AI 内容宇宙","会话推进：- Planning files: `C:\Users\34587\Desktop\选题池\所有选题问句标题_持续更新.md`, `C:\Users\34587\Desktop\选题池\发酵池.md`, `C:\Users\34587\Desktop\选题池\变电器工作流_v1.0_多接口输出系统.md`","35","12"
"2026-05-13","urban-research 城市更新","urban-research 城市更新：新增 README.md：urban-research V23.3-live-snapshot-pack — 县域城市更新市场调研 AI Agent；10 秒快速上手；V23.3-live-snapshot-pack 重点；新增 README.md：urban-research V23.3-live-snapshot-pack — 县域城市更新市场调研 AI Agent；10 秒快速上手；V23.3-live-snapshot-pack 重点；新增 README.md：urban-research V23.4-triangle-narrative-hardening — 县域城市更新市场调研 AI Agent；10 秒快速上手；V23.4-triangle-narrative-hardening 重点；新增 README.md：urban-research V23.4-triangle-narrative-hardening — 县域城市更新市场调研 AI Agent；10 秒快速上手；V23.4-triangle-narrative-hardening 重点 等 32 个文件","35","0"
"2026-05-13","Agent / Skill / 自动化","Agent / Skill / 自动化：新增 README.md：urban-research V23.4-triangle-narrative-hardening — 县域城市更新市场调研 AI Agent；10 秒快速上手；V23.4-triangle-narrative-hardening 重点；修改 README.md：CodeBuddy Skill Marketplace；技能分类；🏢 腾讯系产品","35","0"
"2026-05-13","其他","其他：新增 README_可用版部署说明.md：双江湖AI百宝箱 · 可用版部署说明；启动；五个应用入口","35","0"
"2026-05-14","法律科技 / OSINT","法律科技 / OSINT：新增 README.md：⚖️ Vibe-Lawyering 💻 + 企查查MCP增强版；🎯 核心价值；🚀 快速开始；新增 README.md：tyc-cli；📖 项目简介；🚀 快速开始；新增 README.md：企查查 MCP 批量抓取脚本；准备工作（第一次跑必看）；步骤 1：安装 Python 依赖；新增 README.md：🔍 vendor-assessment-qcc；📋 目录；功能概述 等 9 个文件","35","0"
"2026-05-14","Agent / Skill / 自动化","Agent / Skill / 自动化：新增 README.md：天眼查 T1.1 MCP Skills；工具分层（L0 / L1 / L2 / L3 + L2 优先 ★）；分层设计亮点；新增 README.md：企业数据 MCP / Skill 盘点（2026-05-14）；一句话结论；本机现状；新增 README.md：@qixin-api/apiservice-mcp；数据维度；安装方法","35","0"
"2026-05-14","urban-research 城市更新","urban-research 城市更新：修改 README.md：urban-research V23.5.1-fusion-structure-gates — 县域城市更新市场调研 Skill；10 秒快速上手；V23.5.1-fusion-structure-gates 重点；修改 README.md：urban-research V23.5-evidence-insight-portfolio-fusion — 县域城市更新市场调研 Skill；10 秒快速上手；V23.5-evidence-insight-portfolio-fusion 重点；新增 README.md：企业数据 API 接入 urban-research 决策备忘；一句话判断；能否查一个地区全部企业数量；新增 马鞍山市企业全景深度分析报告.docx 等 23 个文件","35","0"
"2026-05-15","其他","其他：修改 78896085-ecb7-440a-b89b-439162bdd82c_memery.md：User Memory Profile；Basic Info","1","0"
"2026-05-16","urban-research 城市更新","urban-research 城市更新：修改 README.md：urban-research V23.5-client-readable-delivery — 城市更新市场调研 AI Agent；10 秒快速上手；V23.5-client-readable-delivery 重点；新增 README.md：urban-research V23.5-client-readable-delivery — 城市更新市场调研 AI Agent；10 秒快速上手；V23.5-client-readable-delivery 重点","35","0"
"2026-05-16","ADHD x AI 内容宇宙","ADHD x AI 内容宇宙：新增 README.md：Scripts；update-index.ps1；audit-content.ps1；新增 README.md：Indexes；新增 README.md：Status；新增 README.md：Archive 等 33 个文件","35","0"
"2026-05-17","ADHD x AI 内容宇宙","ADHD x AI 内容宇宙：新增 问题109-168_资料驱动选题增量.html：问题109-168 资料驱动选题增量；新增 问题109-168_资料驱动选题增量.md：问题109-168 资料驱动选题增量；第一优先级；选题表；新增 kimi_agent_2026-05-17_学习汇报.html：我从 Kimi Agent 资料里学到了什么；新增 kimi_agent_2026-05-17_资料总览.md：Kimi Agent 资料总览；入库结果；四组资料的核心信号 等 35 个文件","35","0"