"name","platform","region","tier","adhd_signal","ai_signal","evidence_level","source_or_note","next_action"
"vivi / ADHD邪修日记","Bilibili/XHS lead","CN","A-confirmed-or-strong","ADHD identity/brand signal","vibe coding / AI coding","public profile/source","B站 space.bilibili.com/3546779964410027","login XHS复核并补主页链接"
"张程 / ADHD执行力实验室","Podcast/XHS/B站/Youtube/公众号","CN","A-confirmed-or-strong","ADHD creator identity","ChatGPT Claude Cursor Suno","public podcast transcript","Apple Podcasts / 小宇宙 / Spotify","抓取全平台主页与爆款笔记"
"明天的我也是ADHD","XHS/Podcast guest","CN","A-confirmed-or-strong","ADHD creator identity","OpenClaw/ClawdBot/AI workflow","public podcast episode","小宇宙 明天的我也是ADHD episode","登录XHS复核账号数据"
"AI金三啊","微博/值得买/公众号线索","CN","A-confirmed-or-strong","ADHD prompt/content","Claude Code Obsidian ADHD prompt","indexed articles","新浪/什么值得买 indexed pages","补全主页与粉丝数"
"Cassie / KKK_Cassie啊","播客/社媒线索","CN","A-confirmed-or-strong","ADHD episode participant","AI工具用于ADHD","podcast episode","散心二意 EP3","补社媒主页"
"C君 / 橘女士","播客/社媒线索","CN","A-confirmed-or-strong","ADHD episode participant","AI工具用于ADHD","podcast episode","散心二意 EP3","补社媒主页"
"Philo / Dopamind","Product/blog","Global/CN","A-confirmed-or-strong","ADHD product positioning","AI-powered task coach","official site/blog","dopamind.app","补创始人社媒"
"Junga / ADHD Pal","Product/Sohu profile","CN/Global","A-confirmed-or-strong","ADHD app/product","AI ADHD assistant","official/media indexed","Sohu / ADHD Pal","补产品团队社媒"
"Mohamed Amgad","Personal blog","Global","A-confirmed-or-strong","self-described ADHD workflow","Claude Code + Obsidian assistant","first-party blog","amgad.io","提取工具栈和可复用模板"
"Lo Zarantonello","Medium/LevelUp","Global","A-confirmed-or-strong","ADHD brain framing","vibe coding / Claude Code / Cursor / Codex","article","Level Up Coding","补作者主页"
"Prasanth Kotaru","Personal blog","Global","A-confirmed-or-strong","self-labeled ADHD vibe coding","Claude/Gemini coding workflow","first-party blog","vkotaru.github.io","补X/LinkedIn"
"David Morgan","Personal blog","Global","A-confirmed-or-strong","ADHD developer framing","vibe coding","first-party blog","dav.idmorgan.com","补社媒"
"Chudi","Personal blog","Global","A-confirmed-or-strong","ADHD developer workflow","Claude Code ADHD workflow/skills","first-party blog","chudi.dev","沉淀为工作流模板"
"Kairi Outputs","Dev.to","Global","A-confirmed-or-strong","self-described ADHD brain setup","Claude Code as executive function","public article","dev.to/kairi_outputs","补 newsletter/主页"
"Philip Lakin","LinkedIn","Global","A-confirmed-or-strong","ADHD task example","Claude Code productivity","LinkedIn post","linkedin.com/posts/philip-lakin","补主页"
"Line Hjartarson","Medium","Global","A-confirmed-or-strong","ADHD-compatible vault framing","AI memory / personal knowledge","article","byaline.medium.com","补作者主页"
"Olena Mytruk","Substack","Global","A-confirmed-or-strong","AI memory/executive function adjacent","Claude Code command memory","article","olenamytruk.substack.com","复核ADHD自述强度"
"Naomi Carrigan","Personal blog","Global","A-confirmed-or-strong","work/wellbeing ADHD-adjacent","AI assistant for work/wellbeing","first-party blog","blog.nhcarrigan.com","补社媒"
"Jenna Redfield","Substack","Global","A-confirmed-or-strong","ADHD management","ChatGPT for ADHD","article","jennaredfield.substack.com","补社媒"
"The ADHD Mompreneur","Podcast","Global","A-confirmed-or-strong","ADHD creator brand","ADHD and ChatGPT","podcast","theadhdmompreneur.com","补主持人信息"
"ADHD Founders: Jesse","Podcast","Global","A-confirmed-or-strong","ADHD founder community","vibe coding / Claude / ChatGPT","podcast episode","ADHD Founders EP63","拆分嘉宾主页"
"ADHD Founders: Marie","Podcast","Global","A-confirmed-or-strong","ADHD founder community","vibe coding / Claude / ChatGPT","podcast episode","ADHD Founders EP63","拆分嘉宾主页"
"ADHD Founders: Sharon","Podcast","Global","A-confirmed-or-strong","ADHD founder/product builder","AI agents / Shelpful","podcast episode","ADHD Founders EP63","拆分嘉宾主页"
"Bob Dietrich","ADD.org course","Global","A-confirmed-or-strong","ADHD educator","ChatGPT ADHD coach course","organization course","add.org","补个人主页"
"Antonia / The Universe","YouTube","Global","A-confirmed-or-strong","ADHD prompts creator","ChatGPT ADHD hacks","YouTube indexed","YouTube NUU1n5O6d4o","补频道链接"
"Mobile Jon","Personal blog","Global","A-confirmed-or-strong","ADHD self-reflection","ChatGPT/ADHD parallels","first-party blog","mobile-jon.com","补社媒"
"和张程一起学习吧","XHS/B站/播客/公众号","CN","B-high-value-lead","needs account-level verification","AI/ChatGPT/Claude/Cursor/Suno or ADHD productivity","lead","local/web indexed lead","登录小红书复核主页、粉丝、笔记、近30日AI内容"
"牛津kate朱朱","XHS/B站/播客/公众号","CN","B-high-value-lead","needs account-level verification","AI/ChatGPT/Claude/Cursor/Suno or ADHD productivity","lead","local/web indexed lead","登录小红书复核主页、粉丝、笔记、近30日AI内容"
"张程 coachchengzhang.com","XHS/B站/播客/公众号","CN","B-high-value-lead","needs account-level verification","AI/ChatGPT/Claude/Cursor/Suno or ADHD productivity","lead","local/web indexed lead","登录小红书复核主页、粉丝、笔记、近30日AI内容"
"散心二意","XHS/B站/播客/公众号","CN","B-high-value-lead","needs account-level verification","AI/ChatGPT/Claude/Cursor/Suno or ADHD productivity","lead","local/web indexed lead","登录小红书复核主页、粉丝、笔记、近30日AI内容"
"ADHD执行力实验室公众号","XHS/B站/播客/公众号","CN","B-high-value-lead","needs account-level verification","AI/ChatGPT/Claude/Cursor/Suno or ADHD productivity","lead","local/web indexed lead","登录小红书复核主页、粉丝、笔记、近30日AI内容"
"执行力实验室","XHS/B站/播客/公众号","CN","B-high-value-lead","needs account-level verification","AI/ChatGPT/Claude/Cursor/Suno or ADHD productivity","lead","local/web indexed lead","登录小红书复核主页、粉丝、笔记、近30日AI内容"
"ADHD邪修日记","XHS/B站/播客/公众号","CN","B-high-value-lead","needs account-level verification","AI/ChatGPT/Claude/Cursor/Suno or ADHD productivity","lead","local/web indexed lead","登录小红书复核主页、粉丝、笔记、近30日AI内容"
"明天的我也是ADHD","XHS/B站/播客/公众号","CN","B-high-value-lead","needs account-level verification","AI/ChatGPT/Claude/Cursor/Suno or ADHD productivity","lead","local/web indexed lead","登录小红书复核主页、粉丝、笔记、近30日AI内容"
"KKK_Cassie啊","XHS/B站/播客/公众号","CN","B-high-value-lead","needs account-level verification","AI/ChatGPT/Claude/Cursor/Suno or ADHD productivity","lead","local/web indexed lead","登录小红书复核主页、粉丝、笔记、近30日AI内容"
"橘女士","XHS/B站/播客/公众号","CN","B-high-value-lead","needs account-level verification","AI/ChatGPT/Claude/Cursor/Suno or ADHD productivity","lead","local/web indexed lead","登录小红书复核主页、粉丝、笔记、近30日AI内容"
"C君","XHS/B站/播客/公众号","CN","B-high-value-lead","needs account-level verification","AI/ChatGPT/Claude/Cursor/Suno or ADHD productivity","lead","local/web indexed lead","登录小红书复核主页、粉丝、笔记、近30日AI内容"
"AI金三啊","XHS/B站/播客/公众号","CN","B-high-value-lead","needs account-level verification","AI/ChatGPT/Claude/Cursor/Suno or ADHD productivity","lead","local/web indexed lead","登录小红书复核主页、粉丝、笔记、近30日AI内容"
"Dopamind中文","XHS/B站/播客/公众号","CN","B-high-value-lead","needs account-level verification","AI/ChatGPT/Claude/Cursor/Suno or ADHD productivity","lead","local/web indexed lead","登录小红书复核主页、粉丝、笔记、近30日AI内容"
"ADHD Pal中文","XHS/B站/播客/公众号","CN","B-high-value-lead","needs account-level verification","AI/ChatGPT/Claude/Cursor/Suno or ADHD productivity","lead","local/web indexed lead","登录小红书复核主页、粉丝、笔记、近30日AI内容"
"普乐AI/Ace Studio ADHD音乐创作线索","XHS/B站/播客/公众号","CN","B-high-value-lead","needs account-level verification","AI/ChatGPT/Claude/Cursor/Suno or ADHD productivity","lead","local/web indexed lead","登录小红书复核主页、粉丝、笔记、近30日AI内容"
"小红书 ADHD AI 搜索集合","XHS/B站/播客/公众号","CN","B-high-value-lead","needs account-level verification","AI/ChatGPT/Claude/Cursor/Suno or ADHD productivity","lead","local/web indexed lead","登录小红书复核主页、粉丝、笔记、近30日AI内容"
"鹤老师说经济","抖音/小红书/B站/知乎/微博/快手/即刻/头条/豆瓣/雪球","CN","C-ai-universe-cross-scan","unknown; do not infer diagnosis","AI creator / AI media / coding/productivity possible","candidate","project library local reports","用 ADHD/多动/拖延/执行力/Cursor/Claude Code/vibe coding 关键词交叉检索"
"李一舟","抖音/小红书/B站/知乎/微博/快手/即刻/头条/豆瓣/雪球","CN","C-ai-universe-cross-scan","unknown; do not infer diagnosis","AI creator / AI media / coding/productivity possible","candidate","project library local reports","用 ADHD/多动/拖延/执行力/Cursor/Claude Code/vibe coding 关键词交叉检索"
"李一舟AI","抖音/小红书/B站/知乎/微博/快手/即刻/头条/豆瓣/雪球","CN","C-ai-universe-cross-scan","unknown; do not infer diagnosis","AI creator / AI media / coding/productivity possible","candidate","project library local reports","用 ADHD/多动/拖延/执行力/Cursor/Claude Code/vibe coding 关键词交叉检索"
"张诗童/张诗同","抖音/小红书/B站/知乎/微博/快手/即刻/头条/豆瓣/雪球","CN","C-ai-universe-cross-scan","unknown; do not infer diagnosis","AI creator / AI media / coding/productivity possible","candidate","project library local reports","用 ADHD/多动/拖延/执行力/Cursor/Claude Code/vibe coding 关键词交叉检索"
"小蓝AI","抖音/小红书/B站/知乎/微博/快手/即刻/头条/豆瓣/雪球","CN","C-ai-universe-cross-scan","unknown; do not infer diagnosis","AI creator / AI media / coding/productivity possible","candidate","project library local reports","用 ADHD/多动/拖延/执行力/Cursor/Claude Code/vibe coding 关键词交叉检索"
"AI动漫社","抖音/小红书/B站/知乎/微博/快手/即刻/头条/豆瓣/雪球","CN","C-ai-universe-cross-scan","unknown; do not infer diagnosis","AI creator / AI media / coding/productivity possible","candidate","project library local reports","用 ADHD/多动/拖延/执行力/Cursor/Claude Code/vibe coding 关键词交叉检索"
"王子沐AI新商业","抖音/小红书/B站/知乎/微博/快手/即刻/头条/豆瓣/雪球","CN","C-ai-universe-cross-scan","unknown; do not infer diagnosis","AI creator / AI media / coding/productivity possible","candidate","project library local reports","用 ADHD/多动/拖延/执行力/Cursor/Claude Code/vibe coding 关键词交叉检索"
"讲AI的老韩","抖音/小红书/B站/知乎/微博/快手/即刻/头条/豆瓣/雪球","CN","C-ai-universe-cross-scan","unknown; do not infer diagnosis","AI creator / AI media / coding/productivity possible","candidate","project library local reports","用 ADHD/多动/拖延/执行力/Cursor/Claude Code/vibe coding 关键词交叉检索"
"王队长/元宇宙王队长","抖音/小红书/B站/知乎/微博/快手/即刻/头条/豆瓣/雪球","CN","C-ai-universe-cross-scan","unknown; do not infer diagnosis","AI creator / AI media / coding/productivity possible","candidate","project library local reports","用 ADHD/多动/拖延/执行力/Cursor/Claude Code/vibe coding 关键词交叉检索"
"AIGC王队长","抖音/小红书/B站/知乎/微博/快手/即刻/头条/豆瓣/雪球","CN","C-ai-universe-cross-scan","unknown; do not infer diagnosis","AI creator / AI media / coding/productivity possible","candidate","project library local reports","用 ADHD/多动/拖延/执行力/Cursor/Claude Code/vibe coding 关键词交叉检索"
"艾维奇Vic","抖音/小红书/B站/知乎/微博/快手/即刻/头条/豆瓣/雪球","CN","C-ai-universe-cross-scan","unknown; do not infer diagnosis","AI creator / AI media / coding/productivity possible","candidate","project library local reports","用 ADHD/多动/拖延/执行力/Cursor/Claude Code/vibe coding 关键词交叉检索"
"GenJi是真想教会你","抖音/小红书/B站/知乎/微博/快手/即刻/头条/豆瓣/雪球","CN","C-ai-universe-cross-scan","unknown; do not infer diagnosis","AI creator / AI media / coding/productivity possible","candidate","project library local reports","用 ADHD/多动/拖延/执行力/Cursor/Claude Code/vibe coding 关键词交叉检索"
"佛系小詹设计日常","抖音/小红书/B站/知乎/微博/快手/即刻/头条/豆瓣/雪球","CN","C-ai-universe-cross-scan","unknown; do not infer diagnosis","AI creator / AI media / coding/productivity possible","candidate","project library local reports","用 ADHD/多动/拖延/执行力/Cursor/Claude Code/vibe coding 关键词交叉检索"
"秋芝2046","抖音/小红书/B站/知乎/微博/快手/即刻/头条/豆瓣/雪球","CN","C-ai-universe-cross-scan","unknown; do not infer diagnosis","AI creator / AI media / coding/productivity possible","candidate","project library local reports","用 ADHD/多动/拖延/执行力/Cursor/Claude Code/vibe coding 关键词交叉检索"
"姚哲禹","抖音/小红书/B站/知乎/微博/快手/即刻/头条/豆瓣/雪球","CN","C-ai-universe-cross-scan","unknown; do not infer diagnosis","AI creator / AI media / coding/productivity possible","candidate","project library local reports","用 ADHD/多动/拖延/执行力/Cursor/Claude Code/vibe coding 关键词交叉检索"
"子鱼哎吖","抖音/小红书/B站/知乎/微博/快手/即刻/头条/豆瓣/雪球","CN","C-ai-universe-cross-scan","unknown; do not infer diagnosis","AI creator / AI media / coding/productivity possible","candidate","project library local reports","用 ADHD/多动/拖延/执行力/Cursor/Claude Code/vibe coding 关键词交叉检索"
"冷小呆头像馆","抖音/小红书/B站/知乎/微博/快手/即刻/头条/豆瓣/雪球","CN","C-ai-universe-cross-scan","unknown; do not infer diagnosis","AI creator / AI media / coding/productivity possible","candidate","project library local reports","用 ADHD/多动/拖延/执行力/Cursor/Claude Code/vibe coding 关键词交叉检索"
"小瓜爱魔法","抖音/小红书/B站/知乎/微博/快手/即刻/头条/豆瓣/雪球","CN","C-ai-universe-cross-scan","unknown; do not infer diagnosis","AI creator / AI media / coding/productivity possible","candidate","project library local reports","用 ADHD/多动/拖延/执行力/Cursor/Claude Code/vibe coding 关键词交叉检索"
"AI训练师大宇","抖音/小红书/B站/知乎/微博/快手/即刻/头条/豆瓣/雪球","CN","C-ai-universe-cross-scan","unknown; do not infer diagnosis","AI creator / AI media / coding/productivity possible","candidate","project library local reports","用 ADHD/多动/拖延/执行力/Cursor/Claude Code/vibe coding 关键词交叉检索"
"AI产品阿颖","抖音/小红书/B站/知乎/微博/快手/即刻/头条/豆瓣/雪球","CN","C-ai-universe-cross-scan","unknown; do not infer diagnosis","AI creator / AI media / coding/productivity possible","candidate","project library local reports","用 ADHD/多动/拖延/执行力/Cursor/Claude Code/vibe coding 关键词交叉检索"
"秋葉aaaki","抖音/小红书/B站/知乎/微博/快手/即刻/头条/豆瓣/雪球","CN","C-ai-universe-cross-scan","unknown; do not infer diagnosis","AI creator / AI media / coding/productivity possible","candidate","project library local reports","用 ADHD/多动/拖延/执行力/Cursor/Claude Code/vibe coding 关键词交叉检索"
"图灵的猫","抖音/小红书/B站/知乎/微博/快手/即刻/头条/豆瓣/雪球","CN","C-ai-universe-cross-scan","unknown; do not infer diagnosis","AI creator / AI media / coding/productivity possible","candidate","project library local reports","用 ADHD/多动/拖延/执行力/Cursor/Claude Code/vibe coding 关键词交叉检索"
"跟李沐学AI","抖音/小红书/B站/知乎/微博/快手/即刻/头条/豆瓣/雪球","CN","C-ai-universe-cross-scan","unknown; do not infer diagnosis","AI creator / AI media / coding/productivity possible","candidate","project library local reports","用 ADHD/多动/拖延/执行力/Cursor/Claude Code/vibe coding 关键词交叉检索"
"老麦的工具库","抖音/小红书/B站/知乎/微博/快手/即刻/头条/豆瓣/雪球","CN","C-ai-universe-cross-scan","unknown; do not infer diagnosis","AI creator / AI media / coding/productivity possible","candidate","project library local reports","用 ADHD/多动/拖延/执行力/Cursor/Claude Code/vibe coding 关键词交叉检索"
"同济子豪兄","抖音/小红书/B站/知乎/微博/快手/即刻/头条/豆瓣/雪球","CN","C-ai-universe-cross-scan","unknown; do not infer diagnosis","AI creator / AI media / coding/productivity possible","candidate","project library local reports","用 ADHD/多动/拖延/执行力/Cursor/Claude Code/vibe coding 关键词交叉检索"
"梗直哥丶","抖音/小红书/B站/知乎/微博/快手/即刻/头条/豆瓣/雪球","CN","C-ai-universe-cross-scan","unknown; do not infer diagnosis","AI creator / AI media / coding/productivity possible","candidate","project library local reports","用 ADHD/多动/拖延/执行力/Cursor/Claude Code/vibe coding 关键词交叉检索"
"Git源宝","抖音/小红书/B站/知乎/微博/快手/即刻/头条/豆瓣/雪球","CN","C-ai-universe-cross-scan","unknown; do not infer diagnosis","AI creator / AI media / coding/productivity possible","candidate","project library local reports","用 ADHD/多动/拖延/执行力/Cursor/Claude Code/vibe coding 关键词交叉检索"
"AI研究室-帆哥","抖音/小红书/B站/知乎/微博/快手/即刻/头条/豆瓣/雪球","CN","C-ai-universe-cross-scan","unknown; do not infer diagnosis","AI creator / AI media / coding/productivity possible","candidate","project library local reports","用 ADHD/多动/拖延/执行力/Cursor/Claude Code/vibe coding 关键词交叉检索"
"李沐","抖音/小红书/B站/知乎/微博/快手/即刻/头条/豆瓣/雪球","CN","C-ai-universe-cross-scan","unknown; do not infer diagnosis","AI creator / AI media / coding/productivity possible","candidate","project library local reports","用 ADHD/多动/拖延/执行力/Cursor/Claude Code/vibe coding 关键词交叉检索"
"张俊林","抖音/小红书/B站/知乎/微博/快手/即刻/头条/豆瓣/雪球","CN","C-ai-universe-cross-scan","unknown; do not infer diagnosis","AI creator / AI media / coding/productivity possible","candidate","project library local reports","用 ADHD/多动/拖延/执行力/Cursor/Claude Code/vibe coding 关键词交叉检索"
"苏剑林","抖音/小红书/B站/知乎/微博/快手/即刻/头条/豆瓣/雪球","CN","C-ai-universe-cross-scan","unknown; do not infer diagnosis","AI creator / AI media / coding/productivity possible","candidate","project library local reports","用 ADHD/多动/拖延/执行力/Cursor/Claude Code/vibe coding 关键词交叉检索"
"季宇/mackler","抖音/小红书/B站/知乎/微博/快手/即刻/头条/豆瓣/雪球","CN","C-ai-universe-cross-scan","unknown; do not infer diagnosis","AI creator / AI media / coding/productivity possible","candidate","project library local reports","用 ADHD/多动/拖延/执行力/Cursor/Claude Code/vibe coding 关键词交叉检索"
"周舒畅","抖音/小红书/B站/知乎/微博/快手/即刻/头条/豆瓣/雪球","CN","C-ai-universe-cross-scan","unknown; do not infer diagnosis","AI creator / AI media / coding/productivity possible","candidate","project library local reports","用 ADHD/多动/拖延/执行力/Cursor/Claude Code/vibe coding 关键词交叉检索"
"曹宇","抖音/小红书/B站/知乎/微博/快手/即刻/头条/豆瓣/雪球","CN","C-ai-universe-cross-scan","unknown; do not infer diagnosis","AI creator / AI media / coding/productivity possible","candidate","project library local reports","用 ADHD/多动/拖延/执行力/Cursor/Claude Code/vibe coding 关键词交叉检索"
"林骁","抖音/小红书/B站/知乎/微博/快手/即刻/头条/豆瓣/雪球","CN","C-ai-universe-cross-scan","unknown; do not infer diagnosis","AI creator / AI media / coding/productivity possible","candidate","project library local reports","用 ADHD/多动/拖延/执行力/Cursor/Claude Code/vibe coding 关键词交叉检索"
"郑宇航","抖音/小红书/B站/知乎/微博/快手/即刻/头条/豆瓣/雪球","CN","C-ai-universe-cross-scan","unknown; do not infer diagnosis","AI creator / AI media / coding/productivity possible","candidate","project library local reports","用 ADHD/多动/拖延/执行力/Cursor/Claude Code/vibe coding 关键词交叉检索"
"周砚","抖音/小红书/B站/知乎/微博/快手/即刻/头条/豆瓣/雪球","CN","C-ai-universe-cross-scan","unknown; do not infer diagnosis","AI creator / AI media / coding/productivity possible","candidate","project library local reports","用 ADHD/多动/拖延/执行力/Cursor/Claude Code/vibe coding 关键词交叉检索"
"王璐","抖音/小红书/B站/知乎/微博/快手/即刻/头条/豆瓣/雪球","CN","C-ai-universe-cross-scan","unknown; do not infer diagnosis","AI creator / AI media / coding/productivity possible","candidate","project library local reports","用 ADHD/多动/拖延/执行力/Cursor/Claude Code/vibe coding 关键词交叉检索"
"小互/互联网的那点事","抖音/小红书/B站/知乎/微博/快手/即刻/头条/豆瓣/雪球","CN","C-ai-universe-cross-scan","unknown; do not infer diagnosis","AI creator / AI media / coding/productivity possible","candidate","project library local reports","用 ADHD/多动/拖延/执行力/Cursor/Claude Code/vibe coding 关键词交叉检索"
"Simon_阿文","抖音/小红书/B站/知乎/微博/快手/即刻/头条/豆瓣/雪球","CN","C-ai-universe-cross-scan","unknown; do not infer diagnosis","AI creator / AI media / coding/productivity possible","candidate","project library local reports","用 ADHD/多动/拖延/执行力/Cursor/Claude Code/vibe coding 关键词交叉检索"
"宝玉xp","抖音/小红书/B站/知乎/微博/快手/即刻/头条/豆瓣/雪球","CN","C-ai-universe-cross-scan","unknown; do not infer diagnosis","AI creator / AI media / coding/productivity possible","candidate","project library local reports","用 ADHD/多动/拖延/执行力/Cursor/Claude Code/vibe coding 关键词交叉检索"
"马少平thu","抖音/小红书/B站/知乎/微博/快手/即刻/头条/豆瓣/雪球","CN","C-ai-universe-cross-scan","unknown; do not infer diagnosis","AI creator / AI media / coding/productivity possible","candidate","project library local reports","用 ADHD/多动/拖延/执行力/Cursor/Claude Code/vibe coding 关键词交叉检索"
"高飞","抖音/小红书/B站/知乎/微博/快手/即刻/头条/豆瓣/雪球","CN","C-ai-universe-cross-scan","unknown; do not infer diagnosis","AI creator / AI media / coding/productivity possible","candidate","project library local reports","用 ADHD/多动/拖延/执行力/Cursor/Claude Code/vibe coding 关键词交叉检索"
"梁赛","抖音/小红书/B站/知乎/微博/快手/即刻/头条/豆瓣/雪球","CN","C-ai-universe-cross-scan","unknown; do not infer diagnosis","AI creator / AI media / coding/productivity possible","candidate","project library local reports","用 ADHD/多动/拖延/执行力/Cursor/Claude Code/vibe coding 关键词交叉检索"
"海辛Hyacinth","抖音/小红书/B站/知乎/微博/快手/即刻/头条/豆瓣/雪球","CN","C-ai-universe-cross-scan","unknown; do not infer diagnosis","AI creator / AI media / coding/productivity possible","candidate","project library local reports","用 ADHD/多动/拖延/执行力/Cursor/Claude Code/vibe coding 关键词交叉检索"
"i陆三金","抖音/小红书/B站/知乎/微博/快手/即刻/头条/豆瓣/雪球","CN","C-ai-universe-cross-scan","unknown; do not infer diagnosis","AI creator / AI media / coding/productivity possible","candidate","project library local reports","用 ADHD/多动/拖延/执行力/Cursor/Claude Code/vibe coding 关键词交叉检索"
"归藏的AI工具箱","抖音/小红书/B站/知乎/微博/快手/即刻/头条/豆瓣/雪球","CN","C-ai-universe-cross-scan","unknown; do not infer diagnosis","AI creator / AI media / coding/productivity possible","candidate","project library local reports","用 ADHD/多动/拖延/执行力/Cursor/Claude Code/vibe coding 关键词交叉检索"
"karminski-牙医","抖音/小红书/B站/知乎/微博/快手/即刻/头条/豆瓣/雪球","CN","C-ai-universe-cross-scan","unknown; do not infer diagnosis","AI creator / AI media / coding/productivity possible","candidate","project library local reports","用 ADHD/多动/拖延/执行力/Cursor/Claude Code/vibe coding 关键词交叉检索"
"爱可可-爱生活","抖音/小红书/B站/知乎/微博/快手/即刻/头条/豆瓣/雪球","CN","C-ai-universe-cross-scan","unknown; do not infer diagnosis","AI creator / AI media / coding/productivity possible","candidate","project library local reports","用 ADHD/多动/拖延/执行力/Cursor/Claude Code/vibe coding 关键词交叉检索"
"数字生命卡兹克","抖音/小红书/B站/知乎/微博/快手/即刻/头条/豆瓣/雪球","CN","C-ai-universe-cross-scan","unknown; do not infer diagnosis","AI creator / AI media / coding/productivity possible","candidate","project library local reports","用 ADHD/多动/拖延/执行力/Cursor/Claude Code/vibe coding 关键词交叉检索"
"花叔/AI进化论-花生","抖音/小红书/B站/知乎/微博/快手/即刻/头条/豆瓣/雪球","CN","C-ai-universe-cross-scan","unknown; do not infer diagnosis","AI creator / AI media / coding/productivity possible","candidate","project library local reports","用 ADHD/多动/拖延/执行力/Cursor/Claude Code/vibe coding 关键词交叉检索"
"李继刚","抖音/小红书/B站/知乎/微博/快手/即刻/头条/豆瓣/雪球","CN","C-ai-universe-cross-scan","unknown; do not infer diagnosis","AI creator / AI media / coding/productivity possible","candidate","project library local reports","用 ADHD/多动/拖延/执行力/Cursor/Claude Code/vibe coding 关键词交叉检索"
"赛博禅心","抖音/小红书/B站/知乎/微博/快手/即刻/头条/豆瓣/雪球","CN","C-ai-universe-cross-scan","unknown; do not infer diagnosis","AI creator / AI media / coding/productivity possible","candidate","project library local reports","用 ADHD/多动/拖延/执行力/Cursor/Claude Code/vibe coding 关键词交叉检索"
"汗青 AITalk","抖音/小红书/B站/知乎/微博/快手/即刻/头条/豆瓣/雪球","CN","C-ai-universe-cross-scan","unknown; do not infer diagnosis","AI creator / AI media / coding/productivity possible","candidate","project library local reports","用 ADHD/多动/拖延/执行力/Cursor/Claude Code/vibe coding 关键词交叉检索"
"赛博奇","抖音/小红书/B站/知乎/微博/快手/即刻/头条/豆瓣/雪球","CN","C-ai-universe-cross-scan","unknown; do not infer diagnosis","AI creator / AI media / coding/productivity possible","candidate","project library local reports","用 ADHD/多动/拖延/执行力/Cursor/Claude Code/vibe coding 关键词交叉检索"
"郭震AI","抖音/小红书/B站/知乎/微博/快手/即刻/头条/豆瓣/雪球","CN","C-ai-universe-cross-scan","unknown; do not infer diagnosis","AI creator / AI media / coding/productivity possible","candidate","project library local reports","用 ADHD/多动/拖延/执行力/Cursor/Claude Code/vibe coding 关键词交叉检索"
"狐璃璃","抖音/小红书/B站/知乎/微博/快手/即刻/头条/豆瓣/雪球","CN","C-ai-universe-cross-scan","unknown; do not infer diagnosis","AI creator / AI media / coding/productivity possible","candidate","project library local reports","用 ADHD/多动/拖延/执行力/Cursor/Claude Code/vibe coding 关键词交叉检索"
"李好鸭","抖音/小红书/B站/知乎/微博/快手/即刻/头条/豆瓣/雪球","CN","C-ai-universe-cross-scan","unknown; do not infer diagnosis","AI creator / AI media / coding/productivity possible","candidate","project library local reports","用 ADHD/多动/拖延/执行力/Cursor/Claude Code/vibe coding 关键词交叉检索"
"土豆人 Tudou_man","抖音/小红书/B站/知乎/微博/快手/即刻/头条/豆瓣/雪球","CN","C-ai-universe-cross-scan","unknown; do not infer diagnosis","AI creator / AI media / coding/productivity possible","candidate","project library local reports","用 ADHD/多动/拖延/执行力/Cursor/Claude Code/vibe coding 关键词交叉检索"
"野菩萨","抖音/小红书/B站/知乎/微博/快手/即刻/头条/豆瓣/雪球","CN","C-ai-universe-cross-scan","unknown; do not infer diagnosis","AI creator / AI media / coding/productivity possible","candidate","project library local reports","用 ADHD/多动/拖延/执行力/Cursor/Claude Code/vibe coding 关键词交叉检索"
"童欧巴","抖音/小红书/B站/知乎/微博/快手/即刻/头条/豆瓣/雪球","CN","C-ai-universe-cross-scan","unknown; do not infer diagnosis","AI creator / AI media / coding/productivity possible","candidate","project library local reports","用 ADHD/多动/拖延/执行力/Cursor/Claude Code/vibe coding 关键词交叉检索"
"卫夕","抖音/小红书/B站/知乎/微博/快手/即刻/头条/豆瓣/雪球","CN","C-ai-universe-cross-scan","unknown; do not infer diagnosis","AI creator / AI media / coding/productivity possible","candidate","project library local reports","用 ADHD/多动/拖延/执行力/Cursor/Claude Code/vibe coding 关键词交叉检索"
"MasterPa","抖音/小红书/B站/知乎/微博/快手/即刻/头条/豆瓣/雪球","CN","C-ai-universe-cross-scan","unknown; do not infer diagnosis","AI creator / AI media / coding/productivity possible","candidate","project library local reports","用 ADHD/多动/拖延/执行力/Cursor/Claude Code/vibe coding 关键词交叉检索"
"OrangeCLK","抖音/小红书/B站/知乎/微博/快手/即刻/头条/豆瓣/雪球","CN","C-ai-universe-cross-scan","unknown; do not infer diagnosis","AI creator / AI media / coding/productivity possible","candidate","project library local reports","用 ADHD/多动/拖延/执行力/Cursor/Claude Code/vibe coding 关键词交叉检索"
"AI小诸葛","抖音/小红书/B站/知乎/微博/快手/即刻/头条/豆瓣/雪球","CN","C-ai-universe-cross-scan","unknown; do not infer diagnosis","AI creator / AI media / coding/productivity possible","candidate","project library local reports","用 ADHD/多动/拖延/执行力/Cursor/Claude Code/vibe coding 关键词交叉检索"
"Mo人工智能平台","抖音/小红书/B站/知乎/微博/快手/即刻/头条/豆瓣/雪球","CN","C-ai-universe-cross-scan","unknown; do not infer diagnosis","AI creator / AI media / coding/productivity possible","candidate","project library local reports","用 ADHD/多动/拖延/执行力/Cursor/Claude Code/vibe coding 关键词交叉检索"
"量子位","抖音/小红书/B站/知乎/微博/快手/即刻/头条/豆瓣/雪球","CN","C-ai-universe-cross-scan","unknown; do not infer diagnosis","AI creator / AI media / coding/productivity possible","candidate","project library local reports","用 ADHD/多动/拖延/执行力/Cursor/Claude Code/vibe coding 关键词交叉检索"
"新智元","抖音/小红书/B站/知乎/微博/快手/即刻/头条/豆瓣/雪球","CN","C-ai-universe-cross-scan","unknown; do not infer diagnosis","AI creator / AI media / coding/productivity possible","candidate","project library local reports","用 ADHD/多动/拖延/执行力/Cursor/Claude Code/vibe coding 关键词交叉检索"
"机器之心","抖音/小红书/B站/知乎/微博/快手/即刻/头条/豆瓣/雪球","CN","C-ai-universe-cross-scan","unknown; do not infer diagnosis","AI creator / AI media / coding/productivity possible","candidate","project library local reports","用 ADHD/多动/拖延/执行力/Cursor/Claude Code/vibe coding 关键词交叉检索"
"硅星人Pro","抖音/小红书/B站/知乎/微博/快手/即刻/头条/豆瓣/雪球","CN","C-ai-universe-cross-scan","unknown; do not infer diagnosis","AI creator / AI media / coding/productivity possible","candidate","project library local reports","用 ADHD/多动/拖延/执行力/Cursor/Claude Code/vibe coding 关键词交叉检索"
"极客公园","抖音/小红书/B站/知乎/微博/快手/即刻/头条/豆瓣/雪球","CN","C-ai-universe-cross-scan","unknown; do not infer diagnosis","AI creator / AI media / coding/productivity possible","candidate","project library local reports","用 ADHD/多动/拖延/执行力/Cursor/Claude Code/vibe coding 关键词交叉检索"
"徐老师AI","抖音/小红书/B站/知乎/微博/快手/即刻/头条/豆瓣/雪球","CN","C-ai-universe-cross-scan","unknown; do not infer diagnosis","AI creator / AI media / coding/productivity possible","candidate","project library local reports","用 ADHD/多动/拖延/执行力/Cursor/Claude Code/vibe coding 关键词交叉检索"
"AI概念股讨论组","抖音/小红书/B站/知乎/微博/快手/即刻/头条/豆瓣/雪球","CN","C-ai-universe-cross-scan","unknown; do not infer diagnosis","AI creator / AI media / coding/productivity possible","candidate","project library local reports","用 ADHD/多动/拖延/执行力/Cursor/Claude Code/vibe coding 关键词交叉检索"
"牛大浪_","抖音/小红书/B站/知乎/微博/快手/即刻/头条/豆瓣/雪球","CN","C-ai-universe-cross-scan","unknown; do not infer diagnosis","AI creator / AI media / coding/productivity possible","candidate","project library local reports","用 ADHD/多动/拖延/执行力/Cursor/Claude Code/vibe coding 关键词交叉检索"
"雪茄","抖音/小红书/B站/知乎/微博/快手/即刻/头条/豆瓣/雪球","CN","C-ai-universe-cross-scan","unknown; do not infer diagnosis","AI creator / AI media / coding/productivity possible","candidate","project library local reports","用 ADHD/多动/拖延/执行力/Cursor/Claude Code/vibe coding 关键词交叉检索"
"zzxshczj","抖音/小红书/B站/知乎/微博/快手/即刻/头条/豆瓣/雪球","CN","C-ai-universe-cross-scan","unknown; do not infer diagnosis","AI creator / AI media / coding/productivity possible","candidate","project library local reports","用 ADHD/多动/拖延/执行力/Cursor/Claude Code/vibe coding 关键词交叉检索"
"Lex Fridman","X/YouTube/LinkedIn/Substack/Medium/Threads/Mastodon","Global","D-global-ai-universe-cross-scan","unknown; do not infer diagnosis","AI/vibe-coding creator or AI public intellectual","candidate","project library + web indexed sources","交叉检索 ADHD/self-description/Claude Code/Cursor/Codex/agent workflow"
"Sam Altman","X/YouTube/LinkedIn/Substack/Medium/Threads/Mastodon","Global","D-global-ai-universe-cross-scan","unknown; do not infer diagnosis","AI/vibe-coding creator or AI public intellectual","candidate","project library + web indexed sources","交叉检索 ADHD/self-description/Claude Code/Cursor/Codex/agent workflow"
"Andrej Karpathy","X/YouTube/LinkedIn/Substack/Medium/Threads/Mastodon","Global","D-global-ai-universe-cross-scan","unknown; do not infer diagnosis","AI/vibe-coding creator or AI public intellectual","candidate","project library + web indexed sources","交叉检索 ADHD/self-description/Claude Code/Cursor/Codex/agent workflow"
"李开复 Kai-Fu Lee","X/YouTube/LinkedIn/Substack/Medium/Threads/Mastodon","Global","D-global-ai-universe-cross-scan","unknown; do not infer diagnosis","AI/vibe-coding creator or AI public intellectual","candidate","project library + web indexed sources","交叉检索 ADHD/self-description/Claude Code/Cursor/Codex/agent workflow"
"Andrew Ng","X/YouTube/LinkedIn/Substack/Medium/Threads/Mastodon","Global","D-global-ai-universe-cross-scan","unknown; do not infer diagnosis","AI/vibe-coding creator or AI public intellectual","candidate","project library + web indexed sources","交叉检索 ADHD/self-description/Claude Code/Cursor/Codex/agent workflow"
"John Carmack","X/YouTube/LinkedIn/Substack/Medium/Threads/Mastodon","Global","D-global-ai-universe-cross-scan","unknown; do not infer diagnosis","AI/vibe-coding creator or AI public intellectual","candidate","project library + web indexed sources","交叉检索 ADHD/self-description/Claude Code/Cursor/Codex/agent workflow"
"Yann LeCun","X/YouTube/LinkedIn/Substack/Medium/Threads/Mastodon","Global","D-global-ai-universe-cross-scan","unknown; do not infer diagnosis","AI/vibe-coding creator or AI public intellectual","candidate","project library + web indexed sources","交叉检索 ADHD/self-description/Claude Code/Cursor/Codex/agent workflow"
"Geoffrey Hinton","X/YouTube/LinkedIn/Substack/Medium/Threads/Mastodon","Global","D-global-ai-universe-cross-scan","unknown; do not infer diagnosis","AI/vibe-coding creator or AI public intellectual","candidate","project library + web indexed sources","交叉检索 ADHD/self-description/Claude Code/Cursor/Codex/agent workflow"
"Demis Hassabis","X/YouTube/LinkedIn/Substack/Medium/Threads/Mastodon","Global","D-global-ai-universe-cross-scan","unknown; do not infer diagnosis","AI/vibe-coding creator or AI public intellectual","candidate","project library + web indexed sources","交叉检索 ADHD/self-description/Claude Code/Cursor/Codex/agent workflow"
"Rowan Cheung","X/YouTube/LinkedIn/Substack/Medium/Threads/Mastodon","Global","D-global-ai-universe-cross-scan","unknown; do not infer diagnosis","AI/vibe-coding creator or AI public intellectual","candidate","project library + web indexed sources","交叉检索 ADHD/self-description/Claude Code/Cursor/Codex/agent workflow"
"Jeff Dean","X/YouTube/LinkedIn/Substack/Medium/Threads/Mastodon","Global","D-global-ai-universe-cross-scan","unknown; do not infer diagnosis","AI/vibe-coding creator or AI public intellectual","candidate","project library + web indexed sources","交叉检索 ADHD/self-description/Claude Code/Cursor/Codex/agent workflow"
"Ian Goodfellow","X/YouTube/LinkedIn/Substack/Medium/Threads/Mastodon","Global","D-global-ai-universe-cross-scan","unknown; do not infer diagnosis","AI/vibe-coding creator or AI public intellectual","candidate","project library + web indexed sources","交叉检索 ADHD/self-description/Claude Code/Cursor/Codex/agent workflow"
"Soumith Chintala","X/YouTube/LinkedIn/Substack/Medium/Threads/Mastodon","Global","D-global-ai-universe-cross-scan","unknown; do not infer diagnosis","AI/vibe-coding creator or AI public intellectual","candidate","project library + web indexed sources","交叉检索 ADHD/self-description/Claude Code/Cursor/Codex/agent workflow"
"Fei-Fei Li","X/YouTube/LinkedIn/Substack/Medium/Threads/Mastodon","Global","D-global-ai-universe-cross-scan","unknown; do not infer diagnosis","AI/vibe-coding creator or AI public intellectual","candidate","project library + web indexed sources","交叉检索 ADHD/self-description/Claude Code/Cursor/Codex/agent workflow"
"Greg Brockman","X/YouTube/LinkedIn/Substack/Medium/Threads/Mastodon","Global","D-global-ai-universe-cross-scan","unknown; do not infer diagnosis","AI/vibe-coding creator or AI public intellectual","candidate","project library + web indexed sources","交叉检索 ADHD/self-description/Claude Code/Cursor/Codex/agent workflow"
"Thomas Wolf","X/YouTube/LinkedIn/Substack/Medium/Threads/Mastodon","Global","D-global-ai-universe-cross-scan","unknown; do not infer diagnosis","AI/vibe-coding creator or AI public intellectual","candidate","project library + web indexed sources","交叉检索 ADHD/self-description/Claude Code/Cursor/Codex/agent workflow"
"3Blue1Brown / Grant Sanderson","X/YouTube/LinkedIn/Substack/Medium/Threads/Mastodon","Global","D-global-ai-universe-cross-scan","unknown; do not infer diagnosis","AI/vibe-coding creator or AI public intellectual","candidate","project library + web indexed sources","交叉检索 ADHD/self-description/Claude Code/Cursor/Codex/agent workflow"
"Two Minute Papers / Karoly Zsolnai-Feher","X/YouTube/LinkedIn/Substack/Medium/Threads/Mastodon","Global","D-global-ai-universe-cross-scan","unknown; do not infer diagnosis","AI/vibe-coding creator or AI public intellectual","candidate","project library + web indexed sources","交叉检索 ADHD/self-description/Claude Code/Cursor/Codex/agent workflow"
"Sentdex / Harrison Kinsley","X/YouTube/LinkedIn/Substack/Medium/Threads/Mastodon","Global","D-global-ai-universe-cross-scan","unknown; do not infer diagnosis","AI/vibe-coding creator or AI public intellectual","candidate","project library + web indexed sources","交叉检索 ADHD/self-description/Claude Code/Cursor/Codex/agent workflow"
"StatQuest / Josh Starmer","X/YouTube/LinkedIn/Substack/Medium/Threads/Mastodon","Global","D-global-ai-universe-cross-scan","unknown; do not infer diagnosis","AI/vibe-coding creator or AI public intellectual","candidate","project library + web indexed sources","交叉检索 ADHD/self-description/Claude Code/Cursor/Codex/agent workflow"
"Krish Naik","X/YouTube/LinkedIn/Substack/Medium/Threads/Mastodon","Global","D-global-ai-universe-cross-scan","unknown; do not infer diagnosis","AI/vibe-coding creator or AI public intellectual","candidate","project library + web indexed sources","交叉检索 ADHD/self-description/Claude Code/Cursor/Codex/agent workflow"
"Siraj Raval","X/YouTube/LinkedIn/Substack/Medium/Threads/Mastodon","Global","D-global-ai-universe-cross-scan","unknown; do not infer diagnosis","AI/vibe-coding creator or AI public intellectual","candidate","project library + web indexed sources","交叉检索 ADHD/self-description/Claude Code/Cursor/Codex/agent workflow"
"AI Explained","X/YouTube/LinkedIn/Substack/Medium/Threads/Mastodon","Global","D-global-ai-universe-cross-scan","unknown; do not infer diagnosis","AI/vibe-coding creator or AI public intellectual","candidate","project library + web indexed sources","交叉检索 ADHD/self-description/Claude Code/Cursor/Codex/agent workflow"
"Yannic Kilcher","X/YouTube/LinkedIn/Substack/Medium/Threads/Mastodon","Global","D-global-ai-universe-cross-scan","unknown; do not infer diagnosis","AI/vibe-coding creator or AI public intellectual","candidate","project library + web indexed sources","交叉检索 ADHD/self-description/Claude Code/Cursor/Codex/agent workflow"
"DeepLearning.AI","X/YouTube/LinkedIn/Substack/Medium/Threads/Mastodon","Global","D-global-ai-universe-cross-scan","unknown; do not infer diagnosis","AI/vibe-coding creator or AI public intellectual","candidate","project library + web indexed sources","交叉检索 ADHD/self-description/Claude Code/Cursor/Codex/agent workflow"
"Matt Wolfe","X/YouTube/LinkedIn/Substack/Medium/Threads/Mastodon","Global","D-global-ai-universe-cross-scan","unknown; do not infer diagnosis","AI/vibe-coding creator or AI public intellectual","candidate","project library + web indexed sources","交叉检索 ADHD/self-description/Claude Code/Cursor/Codex/agent workflow"
"Dwarkesh Patel","X/YouTube/LinkedIn/Substack/Medium/Threads/Mastodon","Global","D-global-ai-universe-cross-scan","unknown; do not infer diagnosis","AI/vibe-coding creator or AI public intellectual","candidate","project library + web indexed sources","交叉检索 ADHD/self-description/Claude Code/Cursor/Codex/agent workflow"
"The AI Advantage / Igor Pogany","X/YouTube/LinkedIn/Substack/Medium/Threads/Mastodon","Global","D-global-ai-universe-cross-scan","unknown; do not infer diagnosis","AI/vibe-coding creator or AI public intellectual","candidate","project library + web indexed sources","交叉检索 ADHD/self-description/Claude Code/Cursor/Codex/agent workflow"
"Wes Roth","X/YouTube/LinkedIn/Substack/Medium/Threads/Mastodon","Global","D-global-ai-universe-cross-scan","unknown; do not infer diagnosis","AI/vibe-coding creator or AI public intellectual","candidate","project library + web indexed sources","交叉检索 ADHD/self-description/Claude Code/Cursor/Codex/agent workflow"
"Machine Learning Street Talk / Tim Scarfe","X/YouTube/LinkedIn/Substack/Medium/Threads/Mastodon","Global","D-global-ai-universe-cross-scan","unknown; do not infer diagnosis","AI/vibe-coding creator or AI public intellectual","candidate","project library + web indexed sources","交叉检索 ADHD/self-description/Claude Code/Cursor/Codex/agent workflow"
"Steve Nouri","X/YouTube/LinkedIn/Substack/Medium/Threads/Mastodon","Global","D-global-ai-universe-cross-scan","unknown; do not infer diagnosis","AI/vibe-coding creator or AI public intellectual","candidate","project library + web indexed sources","交叉检索 ADHD/self-description/Claude Code/Cursor/Codex/agent workflow"
"Bernard Marr","X/YouTube/LinkedIn/Substack/Medium/Threads/Mastodon","Global","D-global-ai-universe-cross-scan","unknown; do not infer diagnosis","AI/vibe-coding creator or AI public intellectual","candidate","project library + web indexed sources","交叉检索 ADHD/self-description/Claude Code/Cursor/Codex/agent workflow"
"Zain Kahn","X/YouTube/LinkedIn/Substack/Medium/Threads/Mastodon","Global","D-global-ai-universe-cross-scan","unknown; do not infer diagnosis","AI/vibe-coding creator or AI public intellectual","candidate","project library + web indexed sources","交叉检索 ADHD/self-description/Claude Code/Cursor/Codex/agent workflow"
"Cassie Kozyrkov","X/YouTube/LinkedIn/Substack/Medium/Threads/Mastodon","Global","D-global-ai-universe-cross-scan","unknown; do not infer diagnosis","AI/vibe-coding creator or AI public intellectual","candidate","project library + web indexed sources","交叉检索 ADHD/self-description/Claude Code/Cursor/Codex/agent workflow"
"Ethan Mollick","X/YouTube/LinkedIn/Substack/Medium/Threads/Mastodon","Global","D-global-ai-universe-cross-scan","unknown; do not infer diagnosis","AI/vibe-coding creator or AI public intellectual","candidate","project library + web indexed sources","交叉检索 ADHD/self-description/Claude Code/Cursor/Codex/agent workflow"
"Allie K. Miller","X/YouTube/LinkedIn/Substack/Medium/Threads/Mastodon","Global","D-global-ai-universe-cross-scan","unknown; do not infer diagnosis","AI/vibe-coding creator or AI public intellectual","candidate","project library + web indexed sources","交叉检索 ADHD/self-description/Claude Code/Cursor/Codex/agent workflow"
"Kirk Borne","X/YouTube/LinkedIn/Substack/Medium/Threads/Mastodon","Global","D-global-ai-universe-cross-scan","unknown; do not infer diagnosis","AI/vibe-coding creator or AI public intellectual","candidate","project library + web indexed sources","交叉检索 ADHD/self-description/Claude Code/Cursor/Codex/agent workflow"
"The Rundown AI","X/YouTube/LinkedIn/Substack/Medium/Threads/Mastodon","Global","D-global-ai-universe-cross-scan","unknown; do not infer diagnosis","AI/vibe-coding creator or AI public intellectual","candidate","project library + web indexed sources","交叉检索 ADHD/self-description/Claude Code/Cursor/Codex/agent workflow"
"TAAFT","X/YouTube/LinkedIn/Substack/Medium/Threads/Mastodon","Global","D-global-ai-universe-cross-scan","unknown; do not infer diagnosis","AI/vibe-coding creator or AI public intellectual","candidate","project library + web indexed sources","交叉检索 ADHD/self-description/Claude Code/Cursor/Codex/agent workflow"
"Superhuman AI","X/YouTube/LinkedIn/Substack/Medium/Threads/Mastodon","Global","D-global-ai-universe-cross-scan","unknown; do not infer diagnosis","AI/vibe-coding creator or AI public intellectual","candidate","project library + web indexed sources","交叉检索 ADHD/self-description/Claude Code/Cursor/Codex/agent workflow"
"TLDR AI","X/YouTube/LinkedIn/Substack/Medium/Threads/Mastodon","Global","D-global-ai-universe-cross-scan","unknown; do not infer diagnosis","AI/vibe-coding creator or AI public intellectual","candidate","project library + web indexed sources","交叉检索 ADHD/self-description/Claude Code/Cursor/Codex/agent workflow"
"One Useful Thing","X/YouTube/LinkedIn/Substack/Medium/Threads/Mastodon","Global","D-global-ai-universe-cross-scan","unknown; do not infer diagnosis","AI/vibe-coding creator or AI public intellectual","candidate","project library + web indexed sources","交叉检索 ADHD/self-description/Claude Code/Cursor/Codex/agent workflow"
"The Batch","X/YouTube/LinkedIn/Substack/Medium/Threads/Mastodon","Global","D-global-ai-universe-cross-scan","unknown; do not infer diagnosis","AI/vibe-coding creator or AI public intellectual","candidate","project library + web indexed sources","交叉检索 ADHD/self-description/Claude Code/Cursor/Codex/agent workflow"
"Ben Tossell / Bens Bites","X/YouTube/LinkedIn/Substack/Medium/Threads/Mastodon","Global","D-global-ai-universe-cross-scan","unknown; do not infer diagnosis","AI/vibe-coding creator or AI public intellectual","candidate","project library + web indexed sources","交叉检索 ADHD/self-description/Claude Code/Cursor/Codex/agent workflow"
"Michael Spencer / AI Supremacy","X/YouTube/LinkedIn/Substack/Medium/Threads/Mastodon","Global","D-global-ai-universe-cross-scan","unknown; do not infer diagnosis","AI/vibe-coding creator or AI public intellectual","candidate","project library + web indexed sources","交叉检索 ADHD/self-description/Claude Code/Cursor/Codex/agent workflow"
"Jack Clark / Import AI","X/YouTube/LinkedIn/Substack/Medium/Threads/Mastodon","Global","D-global-ai-universe-cross-scan","unknown; do not infer diagnosis","AI/vibe-coding creator or AI public intellectual","candidate","project library + web indexed sources","交叉检索 ADHD/self-description/Claude Code/Cursor/Codex/agent workflow"
"Sebastian Raschka / Ahead of AI","X/YouTube/LinkedIn/Substack/Medium/Threads/Mastodon","Global","D-global-ai-universe-cross-scan","unknown; do not infer diagnosis","AI/vibe-coding creator or AI public intellectual","candidate","project library + web indexed sources","交叉检索 ADHD/self-description/Claude Code/Cursor/Codex/agent workflow"
"Alberto Romero / The Algorithmic Bridge","X/YouTube/LinkedIn/Substack/Medium/Threads/Mastodon","Global","D-global-ai-universe-cross-scan","unknown; do not infer diagnosis","AI/vibe-coding creator or AI public intellectual","candidate","project library + web indexed sources","交叉检索 ADHD/self-description/Claude Code/Cursor/Codex/agent workflow"
"Nathan Lambert / Interconnects","X/YouTube/LinkedIn/Substack/Medium/Threads/Mastodon","Global","D-global-ai-universe-cross-scan","unknown; do not infer diagnosis","AI/vibe-coding creator or AI public intellectual","candidate","project library + web indexed sources","交叉检索 ADHD/self-description/Claude Code/Cursor/Codex/agent workflow"
"Simon Willison","X/YouTube/LinkedIn/Substack/Medium/Threads/Mastodon","Global","D-global-ai-universe-cross-scan","unknown; do not infer diagnosis","AI/vibe-coding creator or AI public intellectual","candidate","project library + web indexed sources","交叉检索 ADHD/self-description/Claude Code/Cursor/Codex/agent workflow"
"Future Tools","X/YouTube/LinkedIn/Substack/Medium/Threads/Mastodon","Global","D-global-ai-universe-cross-scan","unknown; do not infer diagnosis","AI/vibe-coding creator or AI public intellectual","candidate","project library + web indexed sources","交叉检索 ADHD/self-description/Claude Code/Cursor/Codex/agent workflow"
"Margaret Mitchell","X/YouTube/LinkedIn/Substack/Medium/Threads/Mastodon","Global","D-global-ai-universe-cross-scan","unknown; do not infer diagnosis","AI/vibe-coding creator or AI public intellectual","candidate","project library + web indexed sources","交叉检索 ADHD/self-description/Claude Code/Cursor/Codex/agent workflow"
"Marques Brownlee","X/YouTube/LinkedIn/Substack/Medium/Threads/Mastodon","Global","D-global-ai-universe-cross-scan","unknown; do not infer diagnosis","AI/vibe-coding creator or AI public intellectual","candidate","project library + web indexed sources","交叉检索 ADHD/self-description/Claude Code/Cursor/Codex/agent workflow"
"Ali Abdaal","X/YouTube/LinkedIn/Substack/Medium/Threads/Mastodon","Global","D-global-ai-universe-cross-scan","unknown; do not infer diagnosis","AI/vibe-coding creator or AI public intellectual","candidate","project library + web indexed sources","交叉检索 ADHD/self-description/Claude Code/Cursor/Codex/agent workflow"
"Jim Fan","X/YouTube/LinkedIn/Substack/Medium/Threads/Mastodon","Global","D-global-ai-universe-cross-scan","unknown; do not infer diagnosis","AI/vibe-coding creator or AI public intellectual","candidate","project library + web indexed sources","交叉检索 ADHD/self-description/Claude Code/Cursor/Codex/agent workflow"
"Jeremy Boissinot","X/YouTube/LinkedIn/Substack/Medium/Threads/Mastodon","Global","D-global-ai-universe-cross-scan","unknown; do not infer diagnosis","AI/vibe-coding creator or AI public intellectual","candidate","project library + web indexed sources","交叉检索 ADHD/self-description/Claude Code/Cursor/Codex/agent workflow"
"Techmeme AI Sources","X/YouTube/LinkedIn/Substack/Medium/Threads/Mastodon","Global","D-global-ai-universe-cross-scan","unknown; do not infer diagnosis","AI/vibe-coding creator or AI public intellectual","candidate","project library + web indexed sources","交叉检索 ADHD/self-description/Claude Code/Cursor/Codex/agent workflow"
"Dillon Bastan / ChatDSP","X/YouTube/LinkedIn/Substack/Medium/Threads/Mastodon","Global","D-global-ai-universe-cross-scan","unknown; do not infer diagnosis","AI/vibe-coding creator or AI public intellectual","candidate","project library + web indexed sources","交叉检索 ADHD/self-description/Claude Code/Cursor/Codex/agent workflow"
"Artists in DSP / Amorph","X/YouTube/LinkedIn/Substack/Medium/Threads/Mastodon","Global","D-global-ai-universe-cross-scan","unknown; do not infer diagnosis","AI/vibe-coding creator or AI public intellectual","candidate","project library + web indexed sources","交叉检索 ADHD/self-description/Claude Code/Cursor/Codex/agent workflow"
"Pluginmaker.ai team","X/YouTube/LinkedIn/Substack/Medium/Threads/Mastodon","Global","D-global-ai-universe-cross-scan","unknown; do not infer diagnosis","AI/vibe-coding creator or AI public intellectual","candidate","project library + web indexed sources","交叉检索 ADHD/self-description/Claude Code/Cursor/Codex/agent workflow"
"Hugh Williams / Zettair","X/YouTube/LinkedIn/Substack/Medium/Threads/Mastodon","Global","D-global-ai-universe-cross-scan","unknown; do not infer diagnosis","AI/vibe-coding creator or AI public intellectual","candidate","project library + web indexed sources","交叉检索 ADHD/self-description/Claude Code/Cursor/Codex/agent workflow"
"r/ADHD_Programmers","Community","Mixed","E-community-source","community may contain ADHD creators","AI/agent community","source pool","project library local reports","用作滚动发现入口，不计入个人博主人数"
"r/ChatGPT","Community","Mixed","E-community-source","community may contain ADHD creators","AI/agent community","source pool","project library local reports","用作滚动发现入口，不计入个人博主人数"
"r/ArtificialInteligence","Community","Mixed","E-community-source","community may contain ADHD creators","AI/agent community","source pool","project library local reports","用作滚动发现入口，不计入个人博主人数"
"r/OpenAI","Community","Mixed","E-community-source","community may contain ADHD creators","AI/agent community","source pool","project library local reports","用作滚动发现入口，不计入个人博主人数"
"r/LocalLLaMA","Community","Mixed","E-community-source","community may contain ADHD creators","AI/agent community","source pool","project library local reports","用作滚动发现入口，不计入个人博主人数"
"r/ChatGPTPro","Community","Mixed","E-community-source","community may contain ADHD creators","AI/agent community","source pool","project library local reports","用作滚动发现入口，不计入个人博主人数"
"r/StableDiffusion","Community","Mixed","E-community-source","community may contain ADHD creators","AI/agent community","source pool","project library local reports","用作滚动发现入口，不计入个人博主人数"
"r/Midjourney","Community","Mixed","E-community-source","community may contain ADHD creators","AI/agent community","source pool","project library local reports","用作滚动发现入口，不计入个人博主人数"
"r/AGI","Community","Mixed","E-community-source","community may contain ADHD creators","AI/agent community","source pool","project library local reports","用作滚动发现入口，不计入个人博主人数"
"r/AIPromptProgramming","Community","Mixed","E-community-source","community may contain ADHD creators","AI/agent community","source pool","project library local reports","用作滚动发现入口，不计入个人博主人数"
"Midjourney Discord","Community","Mixed","E-community-source","community may contain ADHD creators","AI/agent community","source pool","project library local reports","用作滚动发现入口，不计入个人博主人数"
"OpenAI Discord","Community","Mixed","E-community-source","community may contain ADHD creators","AI/agent community","source pool","project library local reports","用作滚动发现入口，不计入个人博主人数"
"Hugging Face Discord","Community","Mixed","E-community-source","community may contain ADHD creators","AI/agent community","source pool","project library local reports","用作滚动发现入口，不计入个人博主人数"
"Perplexity AI Discord","Community","Mixed","E-community-source","community may contain ADHD creators","AI/agent community","source pool","project library local reports","用作滚动发现入口，不计入个人博主人数"
"Civitai Discord","Community","Mixed","E-community-source","community may contain ADHD creators","AI/agent community","source pool","project library local reports","用作滚动发现入口，不计入个人博主人数"
"Learn AI Together","Community","Mixed","E-community-source","community may contain ADHD creators","AI/agent community","source pool","project library local reports","用作滚动发现入口，不计入个人博主人数"
"MLSpace.ai","Community","Mixed","E-community-source","community may contain ADHD creators","AI/agent community","source pool","project library local reports","用作滚动发现入口，不计入个人博主人数"
"LAION","Community","Mixed","E-community-source","community may contain ADHD creators","AI/agent community","source pool","project library local reports","用作滚动发现入口，不计入个人博主人数"
"今天和AI互动了吗 豆瓣","Community","Mixed","E-community-source","community may contain ADHD creators","AI/agent community","source pool","project library local reports","用作滚动发现入口，不计入个人博主人数"
"人机之恋 豆瓣","Community","Mixed","E-community-source","community may contain ADHD creators","AI/agent community","source pool","project library local reports","用作滚动发现入口，不计入个人博主人数"
"Cognitive Science认知科学 豆瓣","Community","Mixed","E-community-source","community may contain ADHD creators","AI/agent community","source pool","project library local reports","用作滚动发现入口，不计入个人博主人数"
"AI艺术 豆瓣","Community","Mixed","E-community-source","community may contain ADHD creators","AI/agent community","source pool","project library local reports","用作滚动发现入口，不计入个人博主人数"
"DeepSeek 豆瓣","Community","Mixed","E-community-source","community may contain ADHD creators","AI/agent community","source pool","project library local reports","用作滚动发现入口，不计入个人博主人数"
"AGI创业者 豆瓣","Community","Mixed","E-community-source","community may contain ADHD creators","AI/agent community","source pool","project library local reports","用作滚动发现入口，不计入个人博主人数"
